strategy,family,cost_bps_one_way,period,Start,End,Total Return,CAGR,Max Drawdown,Volatility,Sharpe,Sortino,Calmar,Turnover/Year,Rebalances/Year,Average Names Held,Beta vs QQQ,Information Ratio vs QQQ,Up Capture vs QQQ,Down Capture vs QQQ,2022 Return,2023+ CAGR,beta_vs_qqq,alpha_ann_vs_qqq,tracking_error_vs_qqq,information_ratio_vs_qqq,up_capture_vs_qqq,down_capture_vs_qqq,rolling_36m_alpha_mean,rolling_36m_alpha_median,rolling_36m_alpha_last,rolling_36m_alpha_positive_ratio,Average Stock Weight,Average BOXX Weight,Overlay Trigger Frequency,Average Days In Throttle,Average Days Trimmed,Days In Throttle Share,Days Trimmed Share,Degraded Signal Share,overlay_trigger_frequency,average_days_in_throttle,average_days_trimmed,days_in_throttle_share,days_trimmed_share,degraded_signal_share
cash_buffer_branch_default_monthly_baseline,monthly_baseline,0.0,Full Sample,2018-01-02,2026-04-02,4.755674795852736,0.23643994190919604,-0.3073638175128768,0.2306005629024522,1.037996928794197,1.252890217872731,0.7692510583139492,2.646607320717131,8.973605577689243,5.824493731918997,0.5432317915777534,0.20737436395782305,0.6852339287997956,0.12991408219883313,-0.1192167647234279,0.5287244523691539,0.5432317915777534,0.13407682197513507,0.21964532355387098,0.20737436395782305,0.6852339287997956,0.12991408219883313,0.07107281567945753,0.04720718337757644,0.2808467118290693,0.8089461713419257,0.5537867824409068,0.44621321755909316,0.0,0.0,0.0,0.0,0.0,0.0,0.0,0.0,0.0,0.0,0.0,0.0
cash_buffer_branch_default_monthly_baseline,monthly_baseline,0.0,OOS Sample,2022-01-03,2026-04-02,2.490584101723596,0.34255260573229096,-0.1916510378578209,0.22312707697546538,1.4366767481429314,1.90186419207682,1.787376732008196,2.7982862903225807,9.661451612903226,6.101313320825516,0.5028003776079697,0.8806498475119708,1.0127533901187837,0.13569639149750395,-0.1192167647234279,0.5287244523691539,0.5028003776079697,0.2578776643495561,0.22244038155082352,0.8806498475119708,1.0127533901187837,0.13569639149750395,0.20246670398962638,0.1975763853448783,0.28084671182907006,1.0,0.5663849765258215,0.43361502347417846,0.0,0.0,0.0,0.0,0.0,0.0,0.0,0.0,0.0,0.0,0.0,0.0
cash_buffer_branch_default_monthly_baseline,monthly_baseline,0.0,2022,2022-01-03,2022-12-30,-0.1192167647234279,-0.1205321032161123,-0.1473480842578787,0.11661193440173574,-1.0343300085975302,-0.8867766335682251,-0.8180092997012782,2.0741343490304707,4.0470914127423825,1.8804780876494025,0.14083841225936303,0.7547581257138813,0.0,0.19484548607001775,-0.1192167647234279,0.5287244523691539,0.14083841225936303,-0.07217515601224586,0.2958901730049101,0.7547581257138813,0.0,0.19484548607001775,,,,,0.15617529880478087,0.8438247011952191,0.0,0.0,0.0,0.0,0.0,0.0,0.0,0.0,0.0,0.0,0.0,0.0
cash_buffer_branch_default_monthly_baseline,monthly_baseline,0.0,2023+,2023-01-03,2026-04-02,2.9630455734406924,0.5287244523691539,-0.1916510378578209,0.2462100305377828,1.853836261461959,2.664054448256608,2.7587873161500736,3.028338607594937,11.404430379746836,7.401226993865031,0.7901980198293913,0.9646976412312489,1.23700641086397,0.03271628506705888,-0.1192167647234279,0.5287244523691539,0.7901980198293913,0.24387786264820507,0.19430260696204096,0.9646976412312489,1.23700641086397,0.03271628506705888,0.241942228237925,0.24999814279451354,0.2808467118290707,1.0,0.6928746928746928,0.30712530712530717,0.0,0.0,0.0,0.0,0.0,0.0,0.0,0.0,0.0,0.0,0.0,0.0
cash_buffer_branch_default_monthly_baseline,monthly_baseline,5.0,Full Sample,2018-01-02,2026-04-02,4.693458553595624,0.2348114426770309,-0.3083922411959321,0.2305812884853688,1.0323333759231557,1.2458270577949806,0.7614051565189903,2.646607320717131,8.973605577689243,5.824493731918997,0.5432164893760933,0.2013526473993671,0.6826953316939703,0.13191061485454292,-0.12012100392137592,0.5264192069255103,0.5432164893760933,0.13275387164986283,0.21962906242019783,0.2013526473993671,0.6826953316939703,0.13191061485454292,0.06958660268945491,0.04568150302746318,0.27949926080829407,0.8021228203184231,0.5537867824409068,0.44621321755909316,0.0,0.0,0.0,0.0,0.0,0.0,0.0,0.0,0.0,0.0,0.0,0.0
cash_buffer_branch_default_monthly_baseline,monthly_baseline,5.0,OOS Sample,2022-01-03,2026-04-02,2.4699698396640235,0.34068001857447316,-0.19176289938838953,0.22311874719721844,1.430439511465031,1.891864480185319,1.7765689800323283,2.7982862903225807,9.661451612903226,6.101313320825516,0.502780394656072,0.8743533417402809,1.0100573409414484,0.13783008037623837,-0.12012100392137592,0.5264192069255103,0.502780394656072,0.25647654397981495,0.2224369338760282,0.8743533417402809,1.0100573409414484,0.13783008037623837,0.20103876919333322,0.1963456327131466,0.27949926080829485,1.0,0.5663849765258215,0.43361502347417846,0.0,0.0,0.0,0.0,0.0,0.0,0.0,0.0,0.0,0.0,0.0,0.0
cash_buffer_branch_default_monthly_baseline,monthly_baseline,5.0,2022,2022-01-03,2022-12-30,-0.12012100392137592,-0.12144561610226978,-0.1473480842578786,0.11662608635640283,-1.0430282844776455,-0.8809537193472543,-0.8242089926987033,2.0741343490304707,4.0470914127423825,1.8804780876494025,0.14083089480158717,0.7512593988800813,-0.0011209256904424034,0.19596225734213568,-0.12012100392137592,0.5264192069255103,0.14083089480158717,-0.07320682523754109,0.2958983662106398,0.7512593988800813,-0.0011209256904424034,0.19596225734213568,,,,,0.15617529880478087,0.8438247011952191,0.0,0.0,0.0,0.0,0.0,0.0,0.0,0.0,0.0,0.0,0.0,0.0
cash_buffer_branch_default_monthly_baseline,monthly_baseline,5.0,2023+,2023-01-03,2026-04-02,2.9436898199965196,0.5264192069255103,-0.1917628993883893,0.2461991646932531,1.8477484521857512,2.6536571286687494,2.7451566940449768,3.028338607594937,11.404430379746836,7.401226993865031,0.7901749477428144,0.9569249291851327,1.2339615835897864,0.036620453851144534,-0.12012100392137592,0.5264192069255103,0.7901749477428144,0.24236511174931172,0.1942935165504279,0.9569249291851327,1.2339615835897864,0.036620453851144534,0.2405474889681383,0.24865365123435113,0.2794992608082955,1.0,0.6928746928746928,0.30712530712530717,0.0,0.0,0.0,0.0,0.0,0.0,0.0,0.0,0.0,0.0,0.0,0.0
cash_buffer_branch_default_monthly_baseline,monthly_baseline,10.0,Full Sample,2018-01-02,2026-04-02,4.631902755489005,0.23318476742367977,-0.3094193013398555,0.23056312173396298,1.0266639438365857,1.2391118995393355,0.753620625519924,2.646607320717131,8.973605577689243,5.824493731918997,0.5432011871744332,0.1953290043535231,0.6801567345881429,0.13390714751025362,-0.12102455617753993,0.5241170176641934,0.5432011871744332,0.1314309213245906,0.21961396466426708,0.1953290043535231,0.6801567345881429,0.13390714751025362,0.06810038969945227,0.044155822677349896,0.27815180978751886,0.7983320697498104,0.5537867824409068,0.44621321755909316,0.0,0.0,0.0,0.0,0.0,0.0,0.0,0.0,0.0,0.0,0.0,0.0
cash_buffer_branch_default_monthly_baseline,monthly_baseline,10.0,OOS Sample,2022-01-03,2026-04-02,2.4494732873705534,0.33880967458732414,-0.19187476091895794,0.22311162654435113,1.4241940907729618,1.8841206762875846,1.7657855205376753,2.7982862903225807,9.661451612903226,6.101313320825516,0.5027604117041741,0.868051906770272,1.0073612917641117,0.13996376925497514,-0.12102455617753993,0.5241170176641934,0.5027604117041741,0.2550754236100738,0.22243469926481768,0.868051906770272,1.0073612917641117,0.13996376925497514,0.19961083439704008,0.19511488008141484,0.27815180978751963,1.0,0.5663849765258215,0.43361502347417846,0.0,0.0,0.0,0.0,0.0,0.0,0.0,0.0,0.0,0.0,0.0,0.0
cash_buffer_branch_default_monthly_baseline,monthly_baseline,10.0,2022,2022-01-03,2022-12-30,-0.12102455617753993,-0.12235842396176622,-0.1473480842578787,0.11664255147301852,-1.0517035926754035,-0.8910594668568658,-0.8304039009263448,2.0741343490304707,4.0470914127423825,1.8804780876494025,0.14082337734381128,0.7477585605105919,-0.002241851380885222,0.19707902861425486,-0.12102455617753993,0.5241170176641934,0.14082337734381128,-0.07423849446283629,0.2959074716745159,0.7477585605105919,-0.002241851380885222,0.19707902861425486,,,,,0.15617529880478087,0.8438247011952191,0.0,0.0,0.0,0.0,0.0,0.0,0.0,0.0,0.0,0.0,0.0,0.0
cash_buffer_branch_default_monthly_baseline,monthly_baseline,10.0,2023+,2023-01-03,2026-04-02,2.924425092434444,0.5241170176641934,-0.19187476091895794,0.24618939330643555,1.8416519182523061,2.64517705000437,2.7315578930444344,3.028338607594937,11.404430379746836,7.401226993865031,0.7901518756562376,0.9491447136879954,1.230916756315601,0.04052462263523456,-0.12102455617753993,0.5241170176641934,0.7901518756562376,0.2408523608504183,0.19428581316584353,0.9491447136879954,1.230916756315601,0.04052462263523456,0.23915274969835165,0.24730915967418887,0.2781518097875204,1.0,0.6928746928746928,0.30712530712530717,0.0,0.0,0.0,0.0,0.0,0.0,0.0,0.0,0.0,0.0,0.0,0.0
daily_portfolio_throttle_overlay__held_breadth_5state,daily_portfolio_throttle_overlay,0.0,Full Sample,2018-01-02,2026-04-02,1.2372197926794044,0.1025731160156953,-0.31586363851445687,0.1412059434066132,0.7637098124808323,0.7922962415730113,0.32473860080289235,12.153778635458165,46.08067729083665,5.218900675024108,0.21177282920630977,-0.37406475405904693,0.34370354638811373,0.12559753096912685,-0.08519752265070979,0.26337152180621604,0.21177282920630977,0.06679585364802848,0.22983588084551132,-0.37406475405904693,0.34370354638811373,0.12559753096912685,0.025733130439692352,0.009080855443508505,0.16246074201042607,0.5504169825625473,0.3286058851905452,0.6713941148094549,0.5016883743367101,11.685393258426966,0.0,0.5016883743367101,0.0,0.0,0.5016883743367101,11.685393258426966,0.0,0.5016883743367101,0.0,0.0
daily_portfolio_throttle_overlay__held_breadth_5state,daily_portfolio_throttle_overlay,0.0,OOS Sample,2022-01-03,2026-04-02,0.9531249346162227,0.17087119932866623,-0.12581178992971032,0.13600537430036821,1.231992502109256,1.4172892664507384,1.3581493389779298,12.624689516129035,46.8933870967742,5.433395872420262,0.22861090260552594,0.19545299910070527,0.5894370398375502,0.15812540038769882,-0.08519752265070979,0.26337152180621604,0.22861090260552594,0.13905681840271084,0.2194297672762084,0.19545299910070527,0.5894370398375502,0.15812540038769882,0.118245667066601,0.11705701888283034,0.16246074201042646,1.0,0.3427230046948357,0.6572769953051644,0.5126760563380282,11.142857142857142,0.0,0.5126760563380282,0.0,0.0,0.5016883743367101,11.685393258426966,0.0,0.5016883743367101,0.0,0.0
daily_portfolio_throttle_overlay__held_breadth_5state,daily_portfolio_throttle_overlay,0.0,2022,2022-01-03,2022-12-30,-0.08519752265070979,-0.08615604282779388,-0.08275798164103698,0.03344726284676462,-2.655595246133043,-1.2744607604293277,-1.0410602230670147,3.3388504155124656,13.153047091412741,1.0199203187250996,0.024948957195034732,0.8110920959515007,0.0,0.1412107097081077,-0.08519752265070979,0.26337152180621604,0.024948957195034732,-0.08024142952424597,0.31453683813223643,0.8110920959515007,0.0,0.1412107097081077,,,,,0.039043824701195225,0.9609561752988047,0.2151394422310757,18.0,0.0,0.2151394422310757,0.0,0.0,0.5016883743367101,11.685393258426966,0.0,0.5016883743367101,0.0,0.0
daily_portfolio_throttle_overlay__held_breadth_5state,daily_portfolio_throttle_overlay,0.0,2023+,2023-01-03,2026-04-02,1.1350236613651865,0.26337152180621604,-0.12581178992970943,0.1540928840107982,1.5997906033189935,2.0450878820447307,2.0933771147629385,15.49615506329114,57.33037974683545,6.792638036809816,0.3896797262792222,-0.12478099188864035,0.7199555234213652,0.18757431518531922,-0.08519752265070979,0.26337152180621604,0.3896797262792222,0.14169647003715477,0.1801032970349548,-0.12478099188864035,0.7199555234213652,0.18757431518531922,0.14175068232934562,0.14716435711315418,0.16246074201042673,1.0,0.4363636363636364,0.5636363636363636,0.6044226044226044,10.695652173913043,0.0,0.6044226044226044,0.0,0.0,0.5016883743367101,11.685393258426966,0.0,0.5016883743367101,0.0,0.0
daily_portfolio_throttle_overlay__held_breadth_5state,daily_portfolio_throttle_overlay,5.0,Full Sample,2018-01-02,2026-04-02,1.1280189419109559,0.09590252640359997,-0.32787373408584264,0.14115776497310048,0.7208351476053187,0.7508369911176643,0.2924983505342064,12.153778635458165,46.08067729083665,5.218900675024108,0.21171554104755286,-0.4005838747057591,0.33273380140824055,0.1356818584296043,-0.0867124302916098,0.2536337683418639,0.21171554104755286,0.06071807067737738,0.22982050518200464,-0.4005838747057591,0.33273380140824055,0.1356818584296043,0.01901924917370667,0.002704756666703507,0.1545752620863086,0.514783927217589,0.3286058851905452,0.6713941148094549,0.5016883743367101,11.685393258426966,0.0,0.5016883743367101,0.0,0.0,0.5016883743367101,11.685393258426966,0.0,0.5016883743367101,0.0,0.0
daily_portfolio_throttle_overlay__held_breadth_5state,daily_portfolio_throttle_overlay,5.0,OOS Sample,2022-01-03,2026-04-02,0.9015507081341021,0.16351082641541326,-0.1287409740665868,0.13598532472973165,1.1856065867005645,1.3650217890577951,1.2700760391236667,12.624689516129035,46.8933870967742,5.433395872420262,0.22848485096616056,0.16657969559582758,0.5781294197670245,0.16883889949989586,-0.0867124302916098,0.2536337683418639,0.22848485096616056,0.13274002849393285,0.219448722636451,0.16657969559582758,0.5781294197670245,0.16883889949989586,0.11098444232101416,0.10979176642103743,0.15457526208630892,1.0,0.3427230046948357,0.6572769953051644,0.5126760563380282,11.142857142857142,0.0,0.5126760563380282,0.0,0.0,0.5016883743367101,11.685393258426966,0.0,0.5016883743367101,0.0,0.0
daily_portfolio_throttle_overlay__held_breadth_5state,daily_portfolio_throttle_overlay,5.0,2022,2022-01-03,2022-12-30,-0.0867124302916098,-0.08768716432944801,-0.08404750575288933,0.03364798833400178,-2.688985891788944,-1.2557999858780573,-1.0433047779818685,3.3388504155124656,13.153047091412741,1.0199203187250996,0.025055184377043398,0.8058596192596384,0.0,0.1437955981158833,-0.0867124302916098,0.2536337683418639,0.025055184377043398,-0.08186146737431438,0.3145234772060118,0.8058596192596384,0.0,0.1437955981158833,,,,,0.039043824701195225,0.9609561752988047,0.2151394422310757,18.0,0.0,0.2151394422310757,0.0,0.0,0.5016883743367101,11.685393258426966,0.0,0.5016883743367101,0.0,0.0
daily_portfolio_throttle_overlay__held_breadth_5state,daily_portfolio_throttle_overlay,5.0,2023+,2023-01-03,2026-04-02,1.0820941521642098,0.2536337683418639,-0.12874097406658624,0.15406860185991403,1.5495939361399438,1.9820320105429368,1.9701091294422064,15.49615506329114,57.33037974683545,6.792638036809816,0.38945452022302934,-0.16791064869290748,0.7061440677843577,0.21243993617736606,-0.0867124302916098,0.2536337683418639,0.38945452022302934,0.13398447148563875,0.1801317841899935,-0.16791064869290748,0.7061440677843577,0.21243993617736606,0.13366244275664835,0.1390503827755835,0.15457526208630926,1.0,0.4363636363636364,0.5636363636363636,0.6044226044226044,10.695652173913043,0.0,0.6044226044226044,0.0,0.0,0.5016883743367101,11.685393258426966,0.0,0.5016883743367101,0.0,0.0
daily_portfolio_throttle_overlay__held_breadth_5state,daily_portfolio_throttle_overlay,10.0,Full Sample,2018-01-02,2026-04-02,1.0241317242906463,0.0892712129720179,-0.33967492369773966,0.1411156016705968,0.6779023085137189,0.7067312436275585,0.2628136690227273,12.153778635458165,46.08067729083665,5.218900675024108,0.21165825288879575,-0.42709966251274145,0.3217713436304697,0.14575958101592815,-0.08822506165565314,0.24396946214198922,0.21165825288879575,0.05464028770672629,0.22980883217142808,-0.42709966251274145,0.3217713436304697,0.14575958101592815,0.012305367907720969,-0.004026216059229681,0.146689782162191,0.46019711902956784,0.3286058851905452,0.6713941148094549,0.5016883743367101,11.685393258426966,0.0,0.5016883743367101,0.0,0.0,0.5016883743367101,11.685393258426966,0.0,0.5016883743367101,0.0,0.0
daily_portfolio_throttle_overlay__held_breadth_5state,daily_portfolio_throttle_overlay,10.0,OOS Sample,2022-01-03,2026-04-02,0.8513301105504232,0.156195509848011,-0.1316609148803577,0.13597185801224093,1.1391518382414778,1.3123511290500725,1.186346836416474,12.624689516129035,46.8933870967742,5.433395872420262,0.22835879932679523,0.13770882053274788,0.5668288966111433,0.17954555602763994,-0.08822506165565314,0.24396946214198922,0.22835879932679523,0.12642323858515483,0.21947175648094708,0.13770882053274788,0.5668288966111433,0.17954555602763994,0.10372321757542728,0.1026505820573096,0.1466897821621914,1.0,0.3427230046948357,0.6572769953051644,0.5126760563380282,11.142857142857142,0.0,0.5126760563380282,0.0,0.0,0.5016883743367101,11.685393258426966,0.0,0.5016883743367101,0.0,0.0
daily_portfolio_throttle_overlay__held_breadth_5state,daily_portfolio_throttle_overlay,10.0,2022,2022-01-03,2022-12-30,-0.08822506165565314,-0.08921595535928994,-0.08538118085915092,0.03385469063819043,-2.721499971955254,-1.2724131825942648,-1.044913580036625,3.3388504155124656,13.153047091412741,1.0199203187250996,0.025161411559052053,0.8006247357264146,0.0,0.14637931056963427,-0.08822506165565314,0.24396946214198922,0.025161411559052053,-0.0834815052243828,0.3145108871209302,0.8006247357264146,0.0,0.14637931056963427,,,,,0.039043824701195225,0.9609561752988047,0.2151394422310757,18.0,0.0,0.2151394422310757,0.0,0.0,0.5016883743367101,11.685393258426966,0.0,0.5016883743367101,0.0,0.0
daily_portfolio_throttle_overlay__held_breadth_5state,daily_portfolio_throttle_overlay,10.0,2023+,2023-01-03,2026-04-02,1.0304683016536673,0.24396946214198922,-0.13166091488035792,0.15405120707920034,1.4993144090446449,1.918610049772458,1.8530135717474516,15.49615506329114,57.33037974683545,6.792638036809816,0.3892293141668364,-0.21101976977521736,0.6923412805250604,0.23728884883454013,-0.08822506165565314,0.24396946214198922,0.3892293141668364,0.1262724729341228,0.18016615912891687,-0.21101976977521736,0.6923412805250604,0.23728884883454013,0.12557420318395107,0.13093640843801282,0.14668978216219172,1.0,0.4363636363636364,0.5636363636363636,0.6044226044226044,10.695652173913043,0.0,0.6044226044226044,0.0,0.0,0.5016883743367101,11.685393258426966,0.0,0.5016883743367101,0.0,0.0
daily_portfolio_throttle_overlay__qqq_dma_mom_6state,daily_portfolio_throttle_overlay,0.0,Full Sample,2018-01-02,2026-04-02,1.7617922854120796,0.131099998271472,-0.3292365686916914,0.17085393924993625,0.8080567756024044,0.9038455446183462,0.3981939150697401,11.458021040836654,48.26344621513944,5.2806171648987466,0.28222995226925657,-0.23984422070050299,0.4432538294263134,0.16591021878052098,-0.11061145454189325,0.3362668793967085,0.28222995226925657,0.08335960487243661,0.23245998336150306,-0.23984422070050299,0.4432538294263134,0.16591021878052098,0.04598145401490576,0.02265780659148421,0.20866795306714467,0.6974981046247157,0.4161601543656537,0.5838398456343463,0.3738543174143753,8.516483516483516,0.0,0.3738543174143753,0.0,0.0,0.3738543174143753,8.516483516483516,0.0,0.3738543174143753,0.0,0.0
daily_portfolio_throttle_overlay__qqq_dma_mom_6state,daily_portfolio_throttle_overlay,0.0,OOS Sample,2022-01-03,2026-04-02,1.277894203179022,0.21409047219104704,-0.13039721858816233,0.16416276726234486,1.2679864068210058,1.5022408863938697,1.6418331196711777,12.11510685483871,49.72112903225807,5.448405253283302,0.28584200616086053,0.3720704515360782,0.6979415131348906,0.14642665644018682,-0.11061145454189325,0.3362668793967085,0.28584200616086053,0.1725204073415026,0.22438428467401825,0.3720704515360782,0.6979415131348906,0.14642665644018682,0.15778430011107572,0.15621278109565154,0.2086679530671451,1.0,0.41333333333333333,0.5866666666666667,0.40469483568075115,8.450980392156863,0.0,0.40469483568075115,0.0,0.0,0.3738543174143753,8.516483516483516,0.0,0.3738543174143753,0.0,0.0
daily_portfolio_throttle_overlay__qqq_dma_mom_6state,daily_portfolio_throttle_overlay,0.0,2022,2022-01-03,2022-12-30,-0.11061145454189325,-0.11183798784179211,-0.10723730235597895,0.051528714749944166,-2.2573273339286577,-1.0168575781059466,-1.0429019136507274,5.767105263157895,20.235457063711912,1.0199203187250996,0.04187155237377074,0.7309098760779531,0.0,0.18393058081715732,-0.11061145454189325,0.3362668793967085,0.04187155237377074,-0.10191584376702127,0.3114249330448583,0.7309098760779531,0.0,0.18393058081715732,,,,,0.04860557768924303,0.9513944223107569,0.20717131474103587,17.333333333333332,0.0,0.20717131474103587,0.0,0.0,0.3738543174143753,8.516483516483516,0.0,0.3738543174143753,0.0,0.0
daily_portfolio_throttle_overlay__qqq_dma_mom_6state,daily_portfolio_throttle_overlay,0.0,2023+,2023-01-03,2026-04-02,1.561191298012195,0.3362668793967085,-0.11857902372545626,0.18510304581974799,1.6644025508529814,2.201086741916657,2.8358040809583724,14.089865506329113,58.87151898734177,6.8122699386503065,0.4785662428342858,0.2061924217715589,0.8524860391281415,0.08113135222948628,-0.11061145454189325,0.3362668793967085,0.4785662428342858,0.17935653606501903,0.18961009998284448,0.2061924217715589,0.8524860391281415,0.08113135222948628,0.1792515636621189,0.1840981691937365,0.20866795306714553,1.0,0.5257985257985258,0.4742014742014742,0.4656019656019656,7.895833333333333,0.0,0.4656019656019656,0.0,0.0,0.3738543174143753,8.516483516483516,0.0,0.3738543174143753,0.0,0.0
daily_portfolio_throttle_overlay__qqq_dma_mom_6state,daily_portfolio_throttle_overlay,5.0,Full Sample,2018-01-02,2026-04-02,1.6345761203039348,0.12465019810675959,-0.33703738428777563,0.17080524110100193,0.7746797566626024,0.8686527959402907,0.3698408660812784,11.458021040836654,48.26344621513944,5.2806171648987466,0.28212683622840484,-0.2645499507704816,0.43484304282308384,0.17907441306290792,-0.11314803607308,0.32690051926679065,0.28212683622840484,0.07763926955459219,0.23244950154307276,-0.2645499507704816,0.43484304282308384,0.17907441306290792,0.039995577228810426,0.017122951168250775,0.20145941614418,0.6679302501895376,0.4161601543656537,0.5838398456343463,0.3738543174143753,8.516483516483516,0.0,0.3738543174143753,0.0,0.0,0.3738543174143753,8.516483516483516,0.0,0.3738543174143753,0.0,0.0
daily_portfolio_throttle_overlay__qqq_dma_mom_6state,daily_portfolio_throttle_overlay,5.0,OOS Sample,2022-01-03,2026-04-02,1.2201492422689504,0.2067666016795915,-0.13428241632319993,0.16414547878576682,1.2310985307962725,1.4595642346065933,1.5397891052387065,12.11510685483871,49.72112903225807,5.448405253283302,0.28580072556599784,0.3449918905532012,0.6887875125856062,0.15919380822164014,-0.11314803607308,0.32690051926679065,0.28580072556599784,0.16644865414353535,0.22438168725464305,0.3449918905532012,0.6887875125856062,0.15919380822164014,0.15145443712378262,0.15001163063369827,0.2014594161441805,1.0,0.41333333333333333,0.5866666666666667,0.40469483568075115,8.450980392156863,0.0,0.40469483568075115,0.0,0.0,0.3738543174143753,8.516483516483516,0.0,0.3738543174143753,0.0,0.0
daily_portfolio_throttle_overlay__qqq_dma_mom_6state,daily_portfolio_throttle_overlay,5.0,2022,2022-01-03,2022-12-30,-0.11314803607308,-0.11440084978879395,-0.10947085665486211,0.051620743018797585,-2.3087333482498784,-1.0426681682348453,-1.0450347543134246,5.767105263157895,20.235457063711912,1.0199203187250996,0.04185296298372632,0.7216723762643916,0.0,0.1883474622073918,-0.11314803607308,0.32690051926679065,0.04185296298372632,-0.10478359199717907,0.31144631834347103,0.7216723762643916,0.0,0.1883474622073918,,,,,0.04860557768924303,0.9513944223107569,0.20717131474103587,17.333333333333332,0.0,0.20717131474103587,0.0,0.0,0.3738543174143753,8.516483516483516,0.0,0.3738543174143753,0.0,0.0
daily_portfolio_throttle_overlay__qqq_dma_mom_6state,daily_portfolio_throttle_overlay,5.0,2023+,2023-01-03,2026-04-02,1.5034045506741407,0.32690051926679065,-0.12132277278912629,0.1850840597397995,1.6263895090008027,2.1514645371257415,2.6944695686685587,14.089865506329113,58.87151898734177,6.8122699386503065,0.4785674715664896,0.16893684173902457,0.8413050769363597,0.10843654114955549,-0.11314803607308,0.32690051926679065,0.4785674715664896,0.17228899695961264,0.1895913099188375,0.16893684173902457,0.8413050769363597,0.10843654114955549,0.17204685832170988,0.17682344112892823,0.20145941614418095,1.0,0.5257985257985258,0.4742014742014742,0.4656019656019656,7.895833333333333,0.0,0.4656019656019656,0.0,0.0,0.3738543174143753,8.516483516483516,0.0,0.3738543174143753,0.0,0.0
daily_portfolio_throttle_overlay__qqq_dma_mom_6state,daily_portfolio_throttle_overlay,10.0,Full Sample,2018-01-02,2026-04-02,1.5132005096581183,0.11823612995918209,-0.34474873376285375,0.1707612791684014,0.7412631399390036,0.8321582674659442,0.3429632029932691,11.458021040836654,48.26344621513944,5.2806171648987466,0.2820237201875531,-0.2892535670934223,0.42643688090519916,0.19222813584834889,-0.11567785214283777,0.3175982761554743,0.2820237201875531,0.07191893423674772,0.23244250884062173,-0.2892535670934223,0.42643688090519916,0.19222813584834889,0.0340097004427151,0.011553200450873272,0.19425087922121545,0.6133434420015162,0.4161601543656537,0.5838398456343463,0.3738543174143753,8.516483516483516,0.0,0.3738543174143753,0.0,0.0,0.3738543174143753,8.516483516483516,0.0,0.3738543174143753,0.0,0.0
daily_portfolio_throttle_overlay__qqq_dma_mom_6state,daily_portfolio_throttle_overlay,10.0,OOS Sample,2022-01-03,2026-04-02,1.1638587981961286,0.19948569334889177,-0.138150958153888,0.16413351769054746,1.1941641226186344,1.417331563084542,1.4439689453813433,12.11510685483871,49.72112903225807,5.448405253283302,0.2857594449711351,0.31790717957136616,0.6796389503181391,0.17195197632106457,-0.11567785214283777,0.3175982761554743,0.2857594449711351,0.16037690094556817,0.22438298802470927,0.31790717957136616,0.6796389503181391,0.17195197632106457,0.14512457413648955,0.14395071841912088,0.19425087922121592,1.0,0.41333333333333333,0.5866666666666667,0.40469483568075115,8.450980392156863,0.0,0.40469483568075115,0.0,0.0,0.3738543174143753,8.516483516483516,0.0,0.3738543174143753,0.0,0.0
daily_portfolio_throttle_overlay__qqq_dma_mom_6state,daily_portfolio_throttle_overlay,10.0,2022,2022-01-03,2022-12-30,-0.11567785214283777,-0.11695679022809213,-0.11174367077691161,0.05172221959721984,-2.3595252949501853,-1.0764767592537254,-1.0466524807618693,5.767105263157895,20.235457063711912,1.0199203187250996,0.04183437359368188,0.712432497642443,0.0,0.19276091001931306,-0.11567785214283777,0.3175982761554743,0.04183437359368188,-0.10765134022733688,0.31146929820068886,0.712432497642443,0.0,0.19276091001931306,,,,,0.04860557768924303,0.9513944223107569,0.20717131474103587,17.333333333333332,0.0,0.20717131474103587,0.0,0.0,0.3738543174143753,8.516483516483516,0.0,0.3738543174143753,0.0,0.0
daily_portfolio_throttle_overlay__qqq_dma_mom_6state,daily_portfolio_throttle_overlay,10.0,2023+,2023-01-03,2026-04-02,1.4469123649559879,0.3175982761554743,-0.12405847618081267,0.1850703370394122,1.5883234945021543,2.1025603741249124,2.5600691378199856,14.089865506329113,58.87151898734177,6.8122699386503065,0.47856870029869336,0.13167030744082678,0.8301307572199698,0.13572308351320234,-0.11567785214283777,0.3175982761554743,0.47856870029869336,0.16522145785420633,0.18957765813005265,0.13167030744082678,0.8301307572199698,0.13572308351320234,0.16484215298130087,0.16956905890768773,0.1942508792212163,1.0,0.5257985257985258,0.4742014742014742,0.4656019656019656,7.895833333333333,0.0,0.4656019656019656,0.0,0.0,0.3738543174143753,8.516483516483516,0.0,0.3738543174143753,0.0,0.0
daily_name_level_trim_overlay__20dma_half_confirm2,daily_name_level_trim_overlay,0.0,Full Sample,2018-01-02,2026-04-02,2.8591555033344247,0.17793398275681382,-0.2787519775284062,0.18355236094853794,0.9860091247781243,1.2028509579453717,0.6383236608202411,8.568883839641433,81.3687749003984,5.824493731918997,0.39600803073229174,-0.06010862747376926,0.5299673363844561,0.11611487331325794,-0.11069750242263143,0.40240590246982677,0.39600803073229174,0.10423245504869255,0.2134396437256291,-0.06010862747376926,0.5299673363844561,0.11611487331325794,0.054610693500244216,0.033399645965604186,0.22280573920355684,0.778620166793025,0.45144114809454894,0.548558851905451,0.6227689339122046,0.0,13.309278350515465,0.0,0.6227689339122046,0.0,0.6227689339122046,0.0,13.309278350515465,0.0,0.6227689339122046,0.0
daily_name_level_trim_overlay__20dma_half_confirm2,daily_name_level_trim_overlay,0.0,OOS Sample,2022-01-03,2026-04-02,1.6641567183146204,0.25974052426568095,-0.14773457310882787,0.18184561110351924,1.3652629166692403,1.8000731911715824,1.7581566643465676,8.218125,84.3609677419355,6.101313320825516,0.3893281414030516,0.5816130670208826,0.8238087014777772,0.16017917055182532,-0.11069750242263143,0.40240590246982677,0.3893281414030516,0.19972976544506565,0.21250842033736758,0.5816130670208826,0.8238087014777772,0.16017917055182532,0.1602463267691035,0.15849968770006587,0.22280573920355745,1.0,0.46809859154929573,0.5319014084507042,0.6328638497652582,0.0,12.481481481481481,0.0,0.6328638497652582,0.0,0.6227689339122046,0.0,13.309278350515465,0.0,0.6227689339122046,0.0
daily_name_level_trim_overlay__20dma_half_confirm2,daily_name_level_trim_overlay,0.0,2022,2022-01-03,2022-12-30,-0.11069750242263143,-0.11192492863857828,-0.1095732236963034,0.07983469615900254,-1.4349906910321732,-1.1138590532634625,-1.0214624053481618,3.604440789473684,30.353185595567865,1.8804780876494025,0.09573202385945426,0.7662414299260258,0.0,0.18393052977975186,-0.11069750242263143,0.40240590246982677,0.09573202385945426,-0.08163590311178844,0.29935563484117267,0.7662414299260258,0.0,0.18393052977975186,,,,,0.11085657370517928,0.8891434262948208,0.199203187250996,0.0,10.0,0.0,0.199203187250996,0.0,0.6227689339122046,0.0,13.309278350515465,0.0,0.6227689339122046,0.0
daily_name_level_trim_overlay__20dma_half_confirm2,daily_name_level_trim_overlay,0.0,2023+,2023-01-03,2026-04-02,1.9957823412981477,0.40240590246982677,-0.14773457310882798,0.2026784738213246,1.7762593447305857,2.5554461185370583,2.7238438098940887,9.651384493670886,101.09873417721519,7.401226993865031,0.6221837604459748,0.5132356271285288,1.0062238793730525,0.1188274386472729,-0.11069750242263143,0.40240590246982677,0.6221837604459748,0.1926484379068281,0.1773448926078402,0.5132356271285288,1.0062238793730525,0.1188274386472729,0.1924505834859411,0.1984801931361846,0.22280573920355806,1.0,0.5782555282555282,0.42174447174447177,0.7665847665847666,0.0,12.73469387755102,0.0,0.7665847665847666,0.0,0.6227689339122046,0.0,13.309278350515465,0.0,0.6227689339122046,0.0
daily_name_level_trim_overlay__20dma_half_confirm2,daily_name_level_trim_overlay,5.0,Full Sample,2018-01-02,2026-04-02,2.725492929119624,0.1729096583739771,-0.2844883120873767,0.18350947002859008,0.9628462364881463,1.1737479635508081,0.6077917827459648,8.568883839641433,81.3687749003984,5.824493731918997,0.395993490571647,-0.080233978133167,0.5220275872329675,0.12297975355609493,-0.11228282257136313,0.39566661947371173,0.395993490571647,0.099942372940587,0.2134066467112376,-0.080233978133167,0.5220275872329675,0.12297975355609493,0.04992144833023312,0.02883170397421681,0.2179373526480177,0.7475360121304018,0.45144114809454894,0.548558851905451,0.6227689339122046,0.0,13.309278350515465,0.0,0.6227689339122046,0.0,0.6227689339122046,0.0,13.309278350515465,0.0,0.6227689339122046,0.0
daily_name_level_trim_overlay__20dma_half_confirm2,daily_name_level_trim_overlay,5.0,OOS Sample,2022-01-03,2026-04-02,1.6181683297748104,0.2545821485460795,-0.14809316190898314,0.18183122156128162,1.3427005635295697,1.7679183440651107,1.719067546836117,8.218125,84.3609677419355,6.101313320825516,0.38933023697969615,0.562249317732614,0.8163209475973974,0.16700518407988035,-0.11228282257136313,0.39566661947371173,0.38933023697969615,0.19560731844970441,0.21249556844444115,0.562249317732614,0.8163209475973974,0.16700518407988035,0.15576760026249856,0.1539420486311427,0.2179373526480183,1.0,0.46809859154929573,0.5319014084507042,0.6328638497652582,0.0,12.481481481481481,0.0,0.6328638497652582,0.0,0.6227689339122046,0.0,13.309278350515465,0.0,0.6227689339122046,0.0
daily_name_level_trim_overlay__20dma_half_confirm2,daily_name_level_trim_overlay,5.0,2022,2022-01-03,2022-12-30,-0.11228282257136313,-0.11352668187242476,-0.11092061232566064,0.07986000329970955,-1.4569294717712546,-1.1189256086482018,-1.0234949076832784,3.604440789473684,30.353185595567865,1.8804780876494025,0.09572122076244331,0.7602408654946119,-0.0008406942678320099,0.18635430735502095,-0.11228282257136313,0.39566661947371173,0.09572122076244331,-0.08342796535046593,0.2993661001576093,0.7602408654946119,-0.0008406942678320099,0.18635430735502095,,,,,0.11085657370517928,0.8891434262948208,0.199203187250996,0.0,10.0,0.0,0.199203187250996,0.0,0.6227689339122046,0.0,13.309278350515465,0.0,0.6227689339122046,0.0
daily_name_level_trim_overlay__20dma_half_confirm2,daily_name_level_trim_overlay,5.0,2023+,2023-01-03,2026-04-02,1.9493271014069933,0.39566661947371173,-0.1480931619089828,0.20266517399556222,1.752489464166117,2.518413788628168,2.6717413172451954,9.651384493670886,101.09873417721519,7.401226993865031,0.6222406301033815,0.486015092871506,0.9972642733994278,0.1333178590479311,-0.11228282257136313,0.39566661947371173,0.6222406301033815,0.1877921896279051,0.17731705767862907,0.486015092871506,0.9972642733994278,0.1333178590479311,0.18757984582003764,0.19364237581745358,0.21793735264801886,1.0,0.5782555282555282,0.42174447174447177,0.7665847665847666,0.0,12.73469387755102,0.0,0.7665847665847666,0.0,0.6227689339122046,0.0,13.309278350515465,0.0,0.6227689339122046,0.0
daily_name_level_trim_overlay__20dma_half_confirm2,daily_name_level_trim_overlay,10.0,Full Sample,2018-01-02,2026-04-02,2.5964456217908185,0.16790620692582015,-0.29017974917795897,0.18346879871508268,0.9396611499692868,1.1452127783509543,0.5786282723087202,8.568883839641433,81.3687749003984,5.824493731918997,0.39597895041100245,-0.1003646539747913,0.514091126967402,0.1298419966944698,-0.11386555101195772,0.38895907438033883,0.39597895041100245,0.0956522908324814,0.2133755617186194,-0.1003646539747913,0.514091126967402,0.1298419966944698,0.04523220316022205,0.02439631295144452,0.21306896609247858,0.7247915087187263,0.45144114809454894,0.548558851905451,0.6227689339122046,0.0,13.309278350515465,0.0,0.6227689339122046,0.0,0.6227689339122046,0.0,13.309278350515465,0.0,0.6227689339122046,0.0
daily_name_level_trim_overlay__20dma_half_confirm2,daily_name_level_trim_overlay,10.0,OOS Sample,2022-01-03,2026-04-02,1.572969213945127,0.24944437190681823,-0.1484516365120584,0.18181878136081778,1.3201204854639945,1.7379561109383201,1.6803073227593313,8.218125,84.3609677419355,6.101313320825516,0.3893323325563408,0.5428789638735638,0.8088357737324428,0.17382875371833667,-0.11386555101195772,0.38895907438033883,0.3893323325563408,0.19148487145434318,0.21248438476033596,0.5428789638735638,0.8088357737324428,0.17382875371833667,0.15128887375589362,0.14953529919637715,0.2130689660924792,1.0,0.46809859154929573,0.5319014084507042,0.6328638497652582,0.0,12.481481481481481,0.0,0.6328638497652582,0.0,0.6227689339122046,0.0,13.309278350515465,0.0,0.6227689339122046,0.0
daily_name_level_trim_overlay__20dma_half_confirm2,daily_name_level_trim_overlay,10.0,2022,2022-01-03,2022-12-30,-0.11386555101195772,-0.11512578294001552,-0.11226614056553852,0.07988844892820335,-1.478796254297225,-1.1383257975577146,-1.025471993248112,3.604440789473684,30.353185595567865,1.8804780876494025,0.09571041766543242,0.7542386061871573,-0.001681388535663605,0.188777142137557,-0.11386555101195772,0.38895907438033883,0.09571041766543242,-0.08522002758914345,0.2993774047333651,0.7542386061871573,-0.001681388535663605,0.188777142137557,,,,,0.11085657370517928,0.8891434262948208,0.199203187250996,0.0,10.0,0.0,0.199203187250996,0.0,0.6227689339122046,0.0,13.309278350515465,0.0,0.6227689339122046,0.0
daily_name_level_trim_overlay__20dma_half_confirm2,daily_name_level_trim_overlay,10.0,2023+,2023-01-03,2026-04-02,1.9035878436770304,0.38895907438033883,-0.1484516365120585,0.20265373722002367,1.7287005710633174,2.4836171258765707,2.6201063425039726,9.651384493670886,101.09873417721519,7.401226993865031,0.6222974997607884,0.4587805091309141,0.988307818731592,0.1478032221104482,-0.11386555101195772,0.38895907438033883,0.6222974997607884,0.18293594134898217,0.17729134894857923,0.4587805091309141,0.988307818731592,0.1478032221104482,0.18270910815413427,0.1888045584987225,0.21306896609247972,1.0,0.5782555282555282,0.42174447174447177,0.7665847665847666,0.0,12.73469387755102,0.0,0.7665847665847666,0.0,0.6227689339122046,0.0,13.309278350515465,0.0,0.6227689339122046,0.0
daily_name_level_trim_overlay__50dma_zero_confirm2,daily_name_level_trim_overlay,0.0,Full Sample,2018-01-02,2026-04-02,2.4127765941820316,0.16050573964031956,-0.3460179204006758,0.1729211527991757,0.9491792088753824,1.105373846344924,0.4638653959149281,9.273736304780876,54.08416334661354,4.254098360655738,0.30227438592708816,-0.12958495497002126,0.5134371592292039,0.16181721727736842,-0.11134035611397775,0.3449648190339363,0.30227438592708816,0.10554819543981096,0.22904436551133522,-0.12958495497002126,0.5134371592292039,0.16181721727736842,0.050246479671636333,0.043677131060418053,0.20332687972307345,0.8051554207733131,0.40575253256150506,0.5942474674384949,0.557163531114327,0.0,13.275862068965518,0.0,0.557163531114327,0.0,0.557163531114327,0.0,13.275862068965518,0.0,0.557163531114327,0.0
daily_name_level_trim_overlay__50dma_zero_confirm2,daily_name_level_trim_overlay,0.0,OOS Sample,2022-01-03,2026-04-02,1.3244443631265246,0.21989186872403388,-0.15101762370043226,0.17094743365510423,1.2521287743751375,1.6420564911049988,1.456067598840151,9.655560483870968,58.675645161290326,4.542213883677299,0.3189701074814119,0.4037626307063455,0.785805240732772,0.23481617547471714,-0.11134035611397775,0.3449648190339363,0.3189701074814119,0.17428239017351121,0.22136472895044537,0.4037626307063455,0.785805240732772,0.23481617547471714,0.12568382323952795,0.11985133614751736,0.20332687972307395,1.0,0.42197183098591545,0.5780281690140845,0.5812206572769953,0.0,12.38,0.0,0.5812206572769953,0.0,0.557163531114327,0.0,13.275862068965518,0.0,0.557163531114327,0.0
daily_name_level_trim_overlay__50dma_zero_confirm2,daily_name_level_trim_overlay,0.0,2022,2022-01-03,2022-12-30,-0.11134035611397775,-0.11257445006727118,-0.10884658368445632,0.04350854779086327,-2.7013625265272596,-1.8177596599429477,-1.0342488138499768,4.578272160664819,24.28254847645429,0.8804780876494024,0.03915796303196399,0.7277717013180901,0.0,0.1860849341281486,-0.11134035611397775,0.3449648190339363,0.03915796303196399,-0.10406434197970199,0.31109807445212584,0.7277717013180901,0.0,0.1860849341281486,,,,,0.0701195219123506,0.9298804780876494,0.20318725099601595,0.0,17.0,0.0,0.20318725099601595,0.0,0.557163531114327,0.0,13.275862068965518,0.0,0.557163531114327,0.0
daily_name_level_trim_overlay__50dma_zero_confirm2,daily_name_level_trim_overlay,0.0,2023+,2023-01-03,2026-04-02,1.6156744926122184,0.3449648190339363,-0.15101762370043192,0.1935568517960493,1.6334574237271997,2.357931026586889,2.2842686209804905,11.23490506329114,69.35126582278481,5.669938650306748,0.5406996803996645,0.2548906571486185,0.9598053484303172,0.31965852947229345,-0.11134035611397775,0.3449648190339363,0.5406996803996645,0.17072416897798315,0.18508744526787427,0.2548906571486185,0.9598053484303172,0.31965852947229345,0.16178523279984197,0.16888083742825113,0.20332687972307445,1.0,0.5304668304668304,0.4695331695331696,0.6977886977886978,0.0,12.085106382978724,0.0,0.6977886977886978,0.0,0.557163531114327,0.0,13.275862068965518,0.0,0.557163531114327,0.0
daily_name_level_trim_overlay__50dma_zero_confirm2,daily_name_level_trim_overlay,5.0,Full Sample,2018-01-02,2026-04-02,2.2849968645327543,0.15514786823402282,-0.35574433113232795,0.1728789584515248,0.922536451288821,1.0748320316207935,0.4361218286745143,9.273736304780876,54.08416334661354,4.254098360655738,0.3022708620023253,-0.1498896026425573,0.5054620639429733,0.17023503103792925,-0.1133523368605337,0.3374371316652527,0.3022708620023253,0.100902856245932,0.2290133896221354,-0.1498896026425573,0.5054620639429733,0.17023503103792925,0.04499999513407257,0.038372443880803846,0.1975825746502205,0.7717968157695224,0.40575253256150506,0.5942474674384949,0.557163531114327,0.0,13.275862068965518,0.0,0.557163531114327,0.0,0.557163531114327,0.0,13.275862068965518,0.0,0.557163531114327,0.0
daily_name_level_trim_overlay__50dma_zero_confirm2,daily_name_level_trim_overlay,5.0,OOS Sample,2022-01-03,2026-04-02,1.2773328178011463,0.21401995775553728,-0.15676811408550395,0.17095082329668232,1.2237729990207333,1.6034222776344993,1.3652008190824265,9.655560483870968,58.675645161290326,4.542213883677299,0.31904178696039204,0.38190981528257406,0.7778185704306844,0.24380463523772838,-0.1133523368605337,0.3374371316652527,0.31904178696039204,0.16943025506191642,0.22134965651454858,0.38190981528257406,0.7778185704306844,0.24380463523772838,0.12030915991238537,0.11423756785623745,0.19758257465022103,1.0,0.42197183098591545,0.5780281690140845,0.5812206572769953,0.0,12.38,0.0,0.5812206572769953,0.0,0.557163531114327,0.0,13.275862068965518,0.0,0.557163531114327,0.0
daily_name_level_trim_overlay__50dma_zero_confirm2,daily_name_level_trim_overlay,5.0,2022,2022-01-03,2022-12-30,-0.1133523368605337,-0.11460726349574724,-0.11057422141154127,0.043577781006095266,-2.7491963051841597,-1.7996822411525921,-1.036473619553653,4.578272160664819,24.28254847645429,0.8804780876494024,0.039136096771442475,0.7204309037405687,-0.00028023142261080825,0.18949767255760852,-0.1133523368605337,0.3374371316652527,0.039136096771442475,-0.10634337662165168,0.3111150004987783,0.7204309037405687,-0.00028023142261080825,0.18949767255760852,,,,,0.0701195219123506,0.9298804780876494,0.20318725099601595,0.0,17.0,0.0,0.20318725099601595,0.0,0.557163531114327,0.0,13.275862068965518,0.0,0.557163531114327,0.0
daily_name_level_trim_overlay__50dma_zero_confirm2,daily_name_level_trim_overlay,5.0,2023+,2023-01-03,2026-04-02,1.5684755201829597,0.3374371316652527,-0.15305463931703445,0.19356298569828473,1.604292580192141,2.3140714786441974,2.204684112621323,11.23490506329114,69.35126582278481,5.669938650306748,0.5408961807945313,0.22448738217107772,0.9501122486906467,0.3383544645653233,-0.1133523368605337,0.3374371316652527,0.5408961807945313,0.16503609764901228,0.18505203022369768,0.22448738217107772,0.9501122486906467,0.3383544645653233,0.15598810685238798,0.16313551634311077,0.19758257465022144,1.0,0.5304668304668304,0.4695331695331696,0.6977886977886978,0.0,12.085106382978724,0.0,0.6977886977886978,0.0,0.557163531114327,0.0,13.275862068965518,0.0,0.557163531114327,0.0
daily_name_level_trim_overlay__50dma_zero_confirm2,daily_name_level_trim_overlay,10.0,Full Sample,2018-01-02,2026-04-02,2.161984146697492,0.14981397206124036,-0.3653275804207773,0.1728401206153963,0.8958632874225188,1.0436281053685954,0.41008119860177955,9.273736304780876,54.08416334661354,4.254098360655738,0.3022673380775624,-0.17019785801405482,0.49749063461860665,0.1786487004092944,-0.11536012478836488,0.3299506003777424,0.3022673380775624,0.09625751705205307,0.22898495083546958,-0.17019785801405482,0.49749063461860665,0.1786487004092944,0.03975351059650884,0.03353093692345221,0.19183826957736752,0.7361637604245641,0.40575253256150506,0.5942474674384949,0.557163531114327,0.0,13.275862068965518,0.0,0.557163531114327,0.0,0.557163531114327,0.0,13.275862068965518,0.0,0.557163531114327,0.0
daily_name_level_trim_overlay__50dma_zero_confirm2,daily_name_level_trim_overlay,10.0,OOS Sample,2022-01-03,2026-04-02,1.2311698973911702,0.20817551660549038,-0.16343784188139288,0.17095753655979457,1.1953951077498697,1.5658155481273528,1.27372898595029,9.655560483870968,58.675645161290326,4.542213883677299,0.3191134664393721,0.3600498492113744,0.7698352644494426,0.25278836101854435,-0.11536012478836488,0.3299506003777424,0.3191134664393721,0.16457811995032165,0.22133715021013958,0.3600498492113744,0.7698352644494426,0.25278836101854435,0.1149344965852428,0.10875621995138764,0.1918382695773681,1.0,0.42197183098591545,0.5780281690140845,0.5812206572769953,0.0,12.38,0.0,0.5812206572769953,0.0,0.557163531114327,0.0,13.275862068965518,0.0,0.557163531114327,0.0
daily_name_level_trim_overlay__50dma_zero_confirm2,daily_name_level_trim_overlay,10.0,2022,2022-01-03,2022-12-30,-0.11536012478836488,-0.11663578655561069,-0.11229881503057926,0.043655825832271504,-2.7963138057066246,-1.8386065300502343,-1.0386199224261667,4.578272160664819,24.28254847645429,0.8804780876494024,0.03911423051092098,0.713088038272689,-0.0005604628452212017,0.19290833907204843,-0.11536012478836488,0.3299506003777424,0.03911423051092098,-0.1086224112636013,0.3111331772859114,0.713088038272689,-0.0005604628452212017,0.19290833907204843,,,,,0.0701195219123506,0.9298804780876494,0.20318725099601595,0.0,17.0,0.0,0.20318725099601595,0.0,0.557163531114327,0.0,13.275862068965518,0.0,0.557163531114327,0.0
daily_name_level_trim_overlay__50dma_zero_confirm2,daily_name_level_trim_overlay,10.0,2023+,2023-01-03,2026-04-02,1.5221222329113324,0.3299506003777424,-0.15508707395922128,0.1935722846037572,1.5751038308805052,2.2708266240554162,2.1275183801875057,11.23490506329114,69.35126582278481,5.669938650306748,0.541092681189398,0.19406900145736158,0.9404232582301894,0.3570410309482214,-0.11536012478836488,0.3299506003777424,0.541092681189398,0.1593480263200415,0.1850199199088663,0.19406900145736158,0.9404232582301894,0.3570410309482214,0.15019098090493405,0.15739019525797032,0.19183826957736855,1.0,0.5304668304668304,0.4695331695331696,0.6977886977886978,0.0,12.085106382978724,0.0,0.6977886977886978,0.0,0.557163531114327,0.0,13.275862068965518,0.0,0.557163531114327,0.0
qqq_plus_current_default,reference,0.0,Full Sample,2018-01-02,2026-04-02,5.04373173920548,0.24378388574639698,-0.3235799419986797,0.28526152647898456,0.9098551224514431,1.0945329127057937,0.7533961599739446,3.4402863545816738,9.82246015936255,9.465766634522662,0.6801541309901251,0.2665392309697734,0.8066245106891261,0.30104729303477074,-0.013910946960355441,0.4677035721380778,0.6801541309901251,0.12772335895622017,0.24661583236132417,0.2665392309697734,0.8066245106891261,0.30104729303477074,0.10182479980279444,0.10110818590923959,0.16660196837634106,0.9537528430629265,0.6949469623915141,0.30505303760848607,0.0,0.0,0.0,0.0,0.0,0.0,0.0,0.0,0.0,0.0,0.0,0.0
qqq_plus_current_default,reference,0.0,OOS Sample,2022-01-03,2026-04-02,2.4241265156225213,0.33648495585783333,-0.3235799419986797,0.2990077864716931,1.1234625645574188,1.4857828333527416,1.0398819957116079,3.7066983870967745,11.075322580645162,10.570356472795497,0.7448226245602725,0.8439636864506453,1.203880097703161,0.39618534103871095,-0.013910946960355441,0.4677035721380778,0.7448226245602725,0.24306746841844232,0.25031249889679685,0.8439636864506453,1.203880097703161,0.39618534103871095,0.16795208923829635,0.16825975262831355,0.1666019683763422,1.0,0.760187617260788,0.23981238273921204,0.0,0.0,0.0,0.0,0.0,0.0,0.0,0.0,0.0,0.0,0.0,0.0
qqq_plus_current_default,reference,0.0,2022,2022-01-03,2022-12-30,-0.013910946960355441,-0.014073560659338846,-0.16355701046128335,0.15759350625442667,-0.010459882275372874,-0.011985569790295612,-0.08604682012496365,2.8936703601108036,7.0824099722991685,5.9282868525896415,0.2086705250809754,1.1752877578811671,0.22977674250174376,0.10739922721558783,-0.013910946960355441,0.4677035721380778,0.2086705250809754,0.07012188435212786,0.29124129277154304,1.1752877578811671,0.22977674250174376,0.10739922721558783,,,,,0.3236653386454183,0.6763346613545816,0.0,0.0,0.0,0.0,0.0,0.0,0.0,0.0,0.0,0.0,0.0,0.0
qqq_plus_current_default,reference,0.0,2023+,2023-01-03,2026-04-02,2.472431323588437,0.4677035721380778,-0.3235799419986798,0.3303172050131003,1.3317141308500173,1.863473896064528,1.4454034735564234,3.9668924050632914,12.329113924050633,12.0,1.1765343288364918,0.7234533633771638,1.4195748779460766,0.8989694487596004,-0.013910946960355441,0.4677035721380778,1.1765343288364918,0.1234123370353804,0.23622569512403724,0.7234533633771638,1.4195748779460766,0.8989694487596004,0.14205258843975027,0.14262527742193776,0.16660196837634317,1.0,0.8946257668711658,0.10537423312883439,0.0,0.0,0.0,0.0,0.0,0.0,0.0,0.0,0.0,0.0,0.0,0.0
qqq_plus_current_default,reference,5.0,Full Sample,2018-01-02,2026-04-02,4.958779781250848,0.2416506149571933,-0.3237786750219297,0.2852530615979183,0.9038399819654638,1.0872431256196995,0.7463450609921305,3.4402863545816738,9.82246015936255,9.465766634522662,0.6801330207534284,0.25955563571558377,0.8033468281159323,0.30376034701997584,-0.015312392803116026,0.46479200166957213,0.6801330207534284,0.12600391135785724,0.24661092436356044,0.25955563571558377,0.8033468281159323,0.30376034701997584,0.09996086685337359,0.09919066992931329,0.16463724862327053,0.9529946929492039,0.6949469623915141,0.30505303760848607,0.0,0.0,0.0,0.0,0.0,0.0,0.0,0.0,0.0,0.0,0.0,0.0
qqq_plus_current_default,reference,5.0,OOS Sample,2022-01-03,2026-04-02,2.3973026290745523,0.3340103912486361,-0.3237786750219295,0.29901336327568034,1.117223600509941,1.4774266208748699,1.0316009577406962,3.7066983870967745,11.075322580645162,10.570356472795497,0.7447973127793384,0.8364951757930531,1.2004463366937184,0.3993297368455899,-0.015312392803116026,0.46479200166957213,0.7447973127793384,0.24121135573018188,0.2503246845893762,0.8364951757930531,1.2004463366937184,0.3993297368455899,0.1661333230983751,0.1664665539697199,0.16463724862327173,1.0,0.760187617260788,0.23981238273921204,0.0,0.0,0.0,0.0,0.0,0.0,0.0,0.0,0.0,0.0,0.0,0.0
qqq_plus_current_default,reference,5.0,2022,2022-01-03,2022-12-30,-0.015312392803116026,-0.015491259822233205,-0.16355701046128357,0.15754305309699587,-0.019576278822279154,-0.02227001164696958,-0.09471474061883897,2.8936703601108036,7.0824099722991685,5.9282868525896415,0.20861764711692174,1.1703927562081802,0.22804636793803315,0.10897246341340376,-0.015312392803116026,0.46479200166957213,0.20861764711692174,0.06866800025512383,0.2912326883131317,1.1703927562081802,0.22804636793803315,0.10897246341340376,,,,,0.3236653386454183,0.6763346613545816,0.0,0.0,0.0,0.0,0.0,0.0,0.0,0.0,0.0,0.0,0.0,0.0
qqq_plus_current_default,reference,5.0,2023+,2023-01-03,2026-04-02,2.4501324117865915,0.46479200166957213,-0.3237786750219295,0.3303319113044961,1.3256314537040514,1.8549971219723533,1.435523823914876,3.9668924050632914,12.329113924050633,12.0,1.176539030316217,0.7149705454525435,1.4157639376946995,0.9048492741606243,-0.015312392803116026,0.46479200166957213,1.176539030316217,0.12142135459380353,0.23624547463737947,0.7149705454525435,1.4157639376946995,0.9048492741606243,0.14014937190421575,0.14070032621026934,0.16463724862327273,1.0,0.8946257668711658,0.10537423312883439,0.0,0.0,0.0,0.0,0.0,0.0,0.0,0.0,0.0,0.0,0.0,0.0
qqq_plus_current_default,reference,10.0,Full Sample,2018-01-02,2026-04-02,4.875003244911541,0.23952052509388677,-0.32397739398573544,0.2852459163836088,0.8978203307593642,1.0800622895998966,0.7393124629690451,3.4402863545816738,9.82246015936255,9.465766634522662,0.680111910516732,0.25257019893658483,0.8000691455427394,0.3064734010051802,-0.01671219050656414,0.46188560931465883,0.680111910516732,0.12428446375949423,0.2466075429914995,0.25257019893658483,0.8000691455427394,0.3064734010051802,0.09809693390395276,0.09727315394938688,0.16267252887020017,0.9514783927217589,0.6949469623915141,0.30505303760848607,0.0,0.0,0.0,0.0,0.0,0.0,0.0,0.0,0.0,0.0,0.0,0.0
qqq_plus_current_default,reference,10.0,OOS Sample,2022-01-03,2026-04-02,2.3706832258676176,0.33153988252508837,-0.3239773939857352,0.29902022070636997,1.1109801111175581,1.469241797334172,1.0233426426650192,3.7066983870967745,11.075322580645162,10.570356472795497,0.744772000998404,0.8290223281040099,1.1970125756842769,0.4024741326524688,-0.01671219050656414,0.46188560931465883,0.744772000998404,0.23935524304192152,0.25033839947699243,0.8290223281040099,1.1970125756842769,0.4024741326524688,0.16431455695845387,0.16472313789795268,0.16267252887020126,1.0,0.760187617260788,0.23981238273921204,0.0,0.0,0.0,0.0,0.0,0.0,0.0,0.0,0.0,0.0,0.0,0.0
qqq_plus_current_default,reference,10.0,2022,2022-01-03,2022-12-30,-0.01671219050656414,-0.01690726801917164,-0.16355701046128357,0.15749478627456104,-0.028698117899699328,-0.03267511582400655,-0.10337232241826678,2.8936703601108036,7.0824099722991685,5.9282868525896415,0.20856476915286806,1.1654926994352466,0.22631599337432584,0.1105456996112206,-0.01671219050656414,0.46188560931465883,0.20856476915286806,0.06721411615811973,0.29122527470660187,1.1654926994352466,0.22631599337432584,0.1105456996112206,,,,,0.3236653386454183,0.6763346613545816,0.0,0.0,0.0,0.0,0.0,0.0,0.0,0.0,0.0,0.0,0.0,0.0
qqq_plus_current_default,reference,10.0,2023+,2023-01-03,2026-04-02,2.427972149480935,0.46188560931465883,-0.3239773939857348,0.3303478089893209,1.3195445592015334,1.8465055580295282,1.4256723397651516,3.9668924050632914,12.329113924050633,12.0,1.1765437317959422,0.7064841689407577,1.4119529974433225,0.9107290995616463,-0.01671219050656414,0.46188560931465883,1.1765437317959422,0.11943037215222664,0.23626691921637127,0.7064841689407577,1.4119529974433225,0.9107290995616463,0.13824615536868126,0.13877537499860104,0.1626725288702023,1.0,0.8946257668711658,0.10537423312883439,0.0,0.0,0.0,0.0,0.0,0.0,0.0,0.0,0.0,0.0,0.0,0.0
russell_1000_multi_factor_defensive,reference,0.0,Full Sample,2018-01-02,2026-04-02,2.538178055078061,0.16559516064907287,-0.2730484175464801,0.201047263416303,0.8646969497235207,1.0403792239790637,0.6064681206983525,3.9264577108233722,10.428784860557768,20.644165863066537,0.46519418006340646,-0.09477766471545218,0.5987937558678048,0.2902658221424805,-0.13824001776887718,0.3103099651215735,0.46519418006340646,0.08368387257415473,0.21069216503991536,-0.09477766471545218,0.5987937558678048,0.2902658221424805,0.05767391280170744,0.0633881419611204,0.10933524453195709,0.9203942380591357,0.6883799421407907,0.31162005785920927,0.0,0.0,0.0,0.0,0.0,0.0,0.0,0.0,0.0,0.0,0.0,0.0
russell_1000_multi_factor_defensive,reference,0.0,OOS Sample,2022-01-03,2026-04-02,1.071043284702037,0.18715779728000648,-0.25408275519467394,0.21895931198687688,0.895998873842317,1.1636566229106875,0.7366017309463183,4.530278225806453,12.253548387096775,24.0,0.568973379311828,0.3557833694276506,0.8310305609345163,0.4092758641660046,-0.13824001776887718,0.3103099651215735,0.568973379311828,0.12525372982915334,0.20101530263786468,0.3557833694276506,0.8310305609345163,0.4092758641660046,0.08054177432715479,0.07527554421448933,0.10933524453195788,1.0,0.7592870544090055,0.2407129455909944,0.0,0.0,0.0,0.0,0.0,0.0,0.0,0.0,0.0,0.0,0.0,0.0
russell_1000_multi_factor_defensive,reference,0.0,2022,2022-01-03,2022-12-30,-0.13824001776887718,-0.13974811002293708,-0.17144434318856605,0.11751977166385677,-1.211817355665259,-1.3557589284939886,-0.8151223156382167,3.3304189750692523,12.141274238227146,24.0,0.19685451034449458,0.7299178565958201,0.19385532100397534,0.30669306006973396,-0.13824001776887718,0.3103099651215735,0.19685451034449458,-0.07470621386039022,0.27609714538354835,0.7299178565958201,0.19385532100397534,0.30669306006973396,,,,,0.3772908366533863,0.6227091633466137,0.0,0.0,0.0,0.0,0.0,0.0,0.0,0.0,0.0,0.0,0.0,0.0
russell_1000_multi_factor_defensive,reference,0.0,2023+,2023-01-03,2026-04-02,1.403271592329042,0.3103099651215735,-0.25408275519467394,0.24139556176087082,1.2447110572520121,1.6850627853586875,1.2212948686101077,4.911097046413502,12.329113924050633,24.0,0.8670852215551416,0.18374643945109892,0.9721196687988737,0.5878751844111613,-0.13824001776887718,0.3103099651215735,0.8670852215551416,0.06723063075770802,0.17131166766613473,0.18374643945109892,0.9721196687988737,0.5878751844111613,0.07887835995601013,0.08266606547947547,0.1093352445319587,1.0,0.8769325153374231,0.12306748466257668,0.0,0.0,0.0,0.0,0.0,0.0,0.0,0.0,0.0,0.0,0.0,0.0
russell_1000_multi_factor_defensive,reference,5.0,Full Sample,2018-01-02,2026-04-02,2.48139574393527,0.16331062031314847,-0.2761975873275607,0.20104565807249608,0.8549194866751278,1.0286443089448685,0.5912818496834578,3.9264577108233722,10.428784860557768,20.644165863066537,0.46509728416371815,-0.10410185123771794,0.5952101767395332,0.2935293150493393,-0.13965933707208145,0.3070940420390593,0.46509728416371815,0.08173554771441388,0.21071686760854394,-0.10410185123771794,0.5952101767395332,0.2935293150493393,0.05560241904317002,0.061383688686133156,0.10694868856131415,0.9143290371493555,0.6883799421407907,0.31162005785920927,0.0,0.0,0.0,0.0,0.0,0.0,0.0,0.0,0.0,0.0,0.0,0.0
russell_1000_multi_factor_defensive,reference,5.0,OOS Sample,2022-01-03,2026-04-02,1.0512136613648755,0.18446943665750348,-0.2543933164893194,0.21897443101811265,0.8855596641926721,1.1503033015067359,0.7251347606266549,4.530278225806453,12.253548387096775,24.0,0.5689186675942325,0.34442519834026974,0.8269148961119414,0.4130457346026576,-0.13965933707208145,0.3070940420390593,0.5689186675942325,0.12298817734755159,0.20104663844095214,0.34442519834026974,0.8269148961119414,0.4130457346026576,0.0783307308904554,0.07317108615787025,0.10694868856131505,1.0,0.7592870544090055,0.2407129455909944,0.0,0.0,0.0,0.0,0.0,0.0,0.0,0.0,0.0,0.0,0.0,0.0
russell_1000_multi_factor_defensive,reference,5.0,2022,2022-01-03,2022-12-30,-0.13965933707208145,-0.14118161178774558,-0.17144434318856616,0.11753290830641766,-1.22574087079287,-1.371223647029373,-0.8234836400082587,3.3304189750692523,12.141274238227146,24.0,0.19677678863251008,0.72384240720985,0.19246798433797377,0.3086799442114626,-0.13965933707208145,0.3070940420390593,0.19677678863251008,-0.07638533596142204,0.2761317161601322,0.72384240720985,0.19246798433797377,0.3086799442114626,,,,,0.3772908366533863,0.6227091633466137,0.0,0.0,0.0,0.0,0.0,0.0,0.0,0.0,0.0,0.0,0.0,0.0
russell_1000_multi_factor_defensive,reference,5.0,2023+,2023-01-03,2026-04-02,1.3841877406842245,0.3070940420390593,-0.2543933164893192,0.24141291820070146,1.2344178357685558,1.6712222513704722,1.207162382553996,4.911097046413502,12.329113924050633,24.0,0.867060328825631,0.16933747654483186,0.9673998728653439,0.5947492801912847,-0.13965933707208145,0.3070940420390593,0.867060328825631,0.06477401376500136,0.1713418475263807,0.16933747654483186,0.9673998728653439,0.5947492801912847,0.07656607452845322,0.08038505610822068,0.10694868856131576,1.0,0.8769325153374231,0.12306748466257668,0.0,0.0,0.0,0.0,0.0,0.0,0.0,0.0,0.0,0.0,0.0,0.0
russell_1000_multi_factor_defensive,reference,10.0,Full Sample,2018-01-02,2026-04-02,2.4255107388969237,0.16102998374874988,-0.2793339653037916,0.20104644171332384,0.8451318248703156,1.016809530923298,0.5764783511866185,3.9264577108233722,10.428784860557768,20.644165863066537,0.4650003882640297,-0.11342262679570085,0.5916265976112632,0.2967928079561961,-0.14107668225508396,0.30388521352935904,0.4650003882640297,0.0797872228546731,0.21074384634782004,-0.11342262679570085,0.5916265976112632,0.2967928079561961,0.05353092528463263,0.0591667850573446,0.1045621325906713,0.9059893858984079,0.6883799421407907,0.31162005785920927,0.0,0.0,0.0,0.0,0.0,0.0,0.0,0.0,0.0,0.0,0.0,0.0
russell_1000_multi_factor_defensive,reference,10.0,OOS Sample,2022-01-03,2026-04-02,1.0315690054025652,0.1817864928781896,-0.25470384402782886,0.21899205153725335,0.8751118997039555,1.1367292638139608,0.7137171155466647,4.530278225806453,12.253548387096775,24.0,0.5688639558766373,0.33306606099491587,0.8227992312893699,0.41681560503930837,-0.14107668225508396,0.30388521352935904,0.5688639558766373,0.12072262486594988,0.20108069480949847,0.33306606099491587,0.8227992312893699,0.41681560503930837,0.07611968745375604,0.07106662810125129,0.10456213259067215,1.0,0.7592870544090055,0.2407129455909944,0.0,0.0,0.0,0.0,0.0,0.0,0.0,0.0,0.0,0.0,0.0,0.0
russell_1000_multi_factor_defensive,reference,10.0,2022,2022-01-03,2022-12-30,-0.14107668225508396,-0.14261309192310723,-0.17144434318856594,0.11754955449653186,-1.2396242626072493,-1.386626796867187,-0.8318331726247266,3.3304189750692523,12.141274238227146,24.0,0.19669906692052558,0.7177646060653762,0.19108064767198296,0.3106668283531893,-0.14107668225508396,0.30388521352935904,0.19669906692052558,-0.07806445806245386,0.27616777703864004,0.7177646060653762,0.19108064767198296,0.3106668283531893,,,,,0.3772908366533863,0.6227091633466137,0.0,0.0,0.0,0.0,0.0,0.0,0.0,0.0,0.0,0.0,0.0,0.0
russell_1000_multi_factor_defensive,reference,10.0,2023+,2023-01-03,2026-04-02,1.3652507312718014,0.30388521352935904,-0.25470384402782875,0.24143271338929312,1.22411372916108,1.6573915799624992,1.193092372395278,4.911097046413502,12.329113924050633,24.0,0.8670354360961204,0.15493048581338154,0.962680076931816,0.6016233759714056,-0.14107668225508396,0.30388521352935904,0.8670354360961204,0.0623173967722947,0.17137545954120909,0.15493048581338154,0.962680076931816,0.6016233759714056,0.0742537891008964,0.07810404673696597,0.10456213259067296,1.0,0.8769325153374231,0.12306748466257668,0.0,0.0,0.0,0.0,0.0,0.0,0.0,0.0,0.0,0.0,0.0,0.0
QQQ,reference,0.0,Full Sample,2018-01-02,2026-04-02,2.8940989094927496,0.17922225522379875,-0.35118728638273633,0.23884667368270415,0.8114572575548453,1.059346950780829,0.5103324128552763,0.0,0.0,1.0,0.9999999999999999,,1.0,1.0,-0.32577023825060947,0.28207594556341964,0.9999999999999999,3.443312922489785e-17,0.0,,1.0,1.0,-3.766030086342424e-16,-2.185751579730777e-16,-1.3934166320783703e-15,0.0310841546626232,1.0,0.0,0.0,0.0,0.0,0.0,0.0,0.0,0.0,0.0,0.0,0.0,0.0,0.0
QQQ,reference,0.0,OOS Sample,2022-01-03,2026-04-02,0.5097959077261791,0.10194829796246063,-0.3482798151717963,0.23373056745391127,0.5333893492689827,0.7611629151395939,0.2927195132229311,0.0,0.0,1.0,1.0,,1.0,1.0,-0.32577023825060947,0.28207594556341964,1.0,0.0,0.0,,1.0,1.0,-3.272038488226398e-16,-3.8250652645288596e-16,-4.371503159461554e-16,0.14469453376205788,1.0,0.0,0.0,0.0,0.0,0.0,0.0,0.0,0.0,0.0,0.0,0.0,0.0,0.0
QQQ,reference,0.0,2022,2022-01-03,2022-12-30,-0.32577023825060947,-0.3288918701272864,-0.3482798151717963,0.32086100164005615,-1.0719306296141868,-1.7749113081010497,-0.9443322747976468,0.0,0.0,1.0,1.0,,1.0,1.0,-0.32577023825060947,0.28207594556341964,1.0,0.0,0.0,,1.0,1.0,,,,,1.0,0.0,0.0,0.0,0.0,0.0,0.0,0.0,0.0,0.0,0.0,0.0,0.0,0.0
QQQ,reference,0.0,2023+,2023-01-03,2026-04-02,1.239289917740781,0.28207594556341964,-0.2276830480055595,0.19848683306310633,1.3552023163154245,1.9271436406728801,1.2388974411328681,0.0,0.0,1.0,1.0000000000000002,,1.0,1.0,-0.32577023825060947,0.28207594556341964,1.0000000000000002,-5.814388344835019e-17,0.0,,1.0,1.0,4.098284211995207e-16,4.098284211995207e-16,3.8250652645288596e-16,1.0,1.0,0.0,0.0,0.0,0.0,0.0,0.0,0.0,0.0,0.0,0.0,0.0,0.0,0.0
QQQ,reference,5.0,Full Sample,2018-01-02,2026-04-02,2.8940989094927496,0.17922225522379875,-0.35118728638273633,0.23884667368270415,0.8114572575548453,1.059346950780829,0.5103324128552763,0.0,0.0,1.0,0.9999999999999999,,1.0,1.0,-0.32577023825060947,0.28207594556341964,0.9999999999999999,3.443312922489785e-17,0.0,,1.0,1.0,-3.766030086342424e-16,-2.185751579730777e-16,-1.3934166320783703e-15,0.0310841546626232,1.0,0.0,0.0,0.0,0.0,0.0,0.0,0.0,0.0,0.0,0.0,0.0,0.0,0.0
QQQ,reference,5.0,OOS Sample,2022-01-03,2026-04-02,0.5097959077261791,0.10194829796246063,-0.3482798151717963,0.23373056745391127,0.5333893492689827,0.7611629151395939,0.2927195132229311,0.0,0.0,1.0,1.0,,1.0,1.0,-0.32577023825060947,0.28207594556341964,1.0,0.0,0.0,,1.0,1.0,-3.272038488226398e-16,-3.8250652645288596e-16,-4.371503159461554e-16,0.14469453376205788,1.0,0.0,0.0,0.0,0.0,0.0,0.0,0.0,0.0,0.0,0.0,0.0,0.0,0.0
QQQ,reference,5.0,2022,2022-01-03,2022-12-30,-0.32577023825060947,-0.3288918701272864,-0.3482798151717963,0.32086100164005615,-1.0719306296141868,-1.7749113081010497,-0.9443322747976468,0.0,0.0,1.0,1.0,,1.0,1.0,-0.32577023825060947,0.28207594556341964,1.0,0.0,0.0,,1.0,1.0,,,,,1.0,0.0,0.0,0.0,0.0,0.0,0.0,0.0,0.0,0.0,0.0,0.0,0.0,0.0
QQQ,reference,5.0,2023+,2023-01-03,2026-04-02,1.239289917740781,0.28207594556341964,-0.2276830480055595,0.19848683306310633,1.3552023163154245,1.9271436406728801,1.2388974411328681,0.0,0.0,1.0,1.0000000000000002,,1.0,1.0,-0.32577023825060947,0.28207594556341964,1.0000000000000002,-5.814388344835019e-17,0.0,,1.0,1.0,4.098284211995207e-16,4.098284211995207e-16,3.8250652645288596e-16,1.0,1.0,0.0,0.0,0.0,0.0,0.0,0.0,0.0,0.0,0.0,0.0,0.0,0.0,0.0
QQQ,reference,10.0,Full Sample,2018-01-02,2026-04-02,2.8940989094927496,0.17922225522379875,-0.35118728638273633,0.23884667368270415,0.8114572575548453,1.059346950780829,0.5103324128552763,0.0,0.0,1.0,0.9999999999999999,,1.0,1.0,-0.32577023825060947,0.28207594556341964,0.9999999999999999,3.443312922489785e-17,0.0,,1.0,1.0,-3.766030086342424e-16,-2.185751579730777e-16,-1.3934166320783703e-15,0.0310841546626232,1.0,0.0,0.0,0.0,0.0,0.0,0.0,0.0,0.0,0.0,0.0,0.0,0.0,0.0
QQQ,reference,10.0,OOS Sample,2022-01-03,2026-04-02,0.5097959077261791,0.10194829796246063,-0.3482798151717963,0.23373056745391127,0.5333893492689827,0.7611629151395939,0.2927195132229311,0.0,0.0,1.0,1.0,,1.0,1.0,-0.32577023825060947,0.28207594556341964,1.0,0.0,0.0,,1.0,1.0,-3.272038488226398e-16,-3.8250652645288596e-16,-4.371503159461554e-16,0.14469453376205788,1.0,0.0,0.0,0.0,0.0,0.0,0.0,0.0,0.0,0.0,0.0,0.0,0.0,0.0
QQQ,reference,10.0,2022,2022-01-03,2022-12-30,-0.32577023825060947,-0.3288918701272864,-0.3482798151717963,0.32086100164005615,-1.0719306296141868,-1.7749113081010497,-0.9443322747976468,0.0,0.0,1.0,1.0,,1.0,1.0,-0.32577023825060947,0.28207594556341964,1.0,0.0,0.0,,1.0,1.0,,,,,1.0,0.0,0.0,0.0,0.0,0.0,0.0,0.0,0.0,0.0,0.0,0.0,0.0,0.0
QQQ,reference,10.0,2023+,2023-01-03,2026-04-02,1.239289917740781,0.28207594556341964,-0.2276830480055595,0.19848683306310633,1.3552023163154245,1.9271436406728801,1.2388974411328681,0.0,0.0,1.0,1.0000000000000002,,1.0,1.0,-0.32577023825060947,0.28207594556341964,1.0000000000000002,-5.814388344835019e-17,0.0,,1.0,1.0,4.098284211995207e-16,4.098284211995207e-16,3.8250652645288596e-16,1.0,1.0,0.0,0.0,0.0,0.0,0.0,0.0,0.0,0.0,0.0,0.0,0.0,0.0,0.0
