strategy,cost_bps_one_way,period,family,universe,normalization,normalization_label,min_adv20_usd,leadership_filter,sector_whitelist,symbol_whitelist,score_template,holdings_count,single_name_cap,sector_cap,hold_bonus,regime_name,benchmark_symbol,breadth_mode,breadth_symbols,soft_defense_exposure,hard_defense_exposure,notes,Start,End,Total Return,CAGR,Max Drawdown,Volatility,Sharpe,Sortino,Calmar,Turnover/Year,Rebalances/Year,Average Names Held,Beta vs QQQ,Information Ratio vs QQQ,Up Capture vs QQQ,Down Capture vs QQQ,2022 Return,2023+ CAGR,beta_vs_qqq,alpha_ann_vs_qqq,tracking_error_vs_qqq,information_ratio_vs_qqq,up_capture_vs_qqq,down_capture_vs_qqq,rolling_36m_alpha_mean,rolling_36m_alpha_median,rolling_36m_alpha_last,rolling_36m_alpha_positive_ratio,annual_turnover,average_monthly_turnover,average_names_replaced_per_rebalance,median_holding_duration_days,top5_continuity,avg_sector_weights_json,variant_scope,change_count,change_1_field,change_1_value,change_2_field,change_2_value,change_summary
tech_heavy_pullback_balanced_focused_qqq_breadth,0.0,Full Sample,tech_heavy_pullback,tech_heavy,universe,universe_cross_sectional,50000000.0,False,"[""Information Technology"", ""Communication""]",[],balanced_pullback,12,0.1,0.4,0.05,qqq_breadth,QQQ,broad,[],0.6,0.0,Sector proxy only: Information Technology + Communication; no sub-industry data available,2018-01-02,2026-04-02,4.593374815183062,0.2321586594395597,-0.32496248631596647,0.22801433836461307,1.0319095616799048,1.2370673286244684,0.7144167995250625,2.9588645418326696,9.094870517928285,6.397299903567984,0.5394040852965895,0.1903168937442223,0.675839348506848,0.1299960122307579,-0.11327370427690042,0.48864765932588683,0.5394040852965895,0.1307461772970437,0.21793281268017847,0.1903168937442223,0.675839348506848,0.1299960122307579,0.07535611712378656,0.055830966620164235,0.25447276978635386,0.8453373768006065,2.9588645418326696,0.24400000000000002,2.2551020408163267,58.0,0.6416666666666666,"{""Information Technology"": 0.2939393939393939, ""Communication"": 0.26565656565656565}",center,0,,,,,center
tech_heavy_pullback_balanced_focused_qqq_breadth,0.0,OOS Sample,tech_heavy_pullback,tech_heavy,universe,universe_cross_sectional,50000000.0,False,"[""Information Technology"", ""Communication""]",[],balanced_pullback,12,0.1,0.4,0.05,qqq_breadth,QQQ,broad,[],0.6,0.0,Sector proxy only: Information Technology + Communication; no sub-industry data available,2022-01-03,2026-04-02,2.2239448174535363,0.3176470010321506,-0.18394852146593377,0.21839830270127816,1.3769175425773192,1.8035736348759266,1.7268255189046302,3.157645161290324,9.661451612903226,6.975609756097561,0.4963811401550745,0.8027618350844163,0.9836325213895615,0.17538042685560404,-0.11327370427690042,0.48864765932588683,0.4963811401550745,0.2388328874987429,0.21930165394990175,0.8027618350844163,0.9836325213895615,0.17538042685560404,0.19149943842833098,0.18820616055274397,0.25447276978635275,1.0,2.9588645418326696,0.24400000000000002,2.2551020408163267,58.0,0.6416666666666666,"{""Information Technology"": 0.2939393939393939, ""Communication"": 0.26565656565656565}",center,0,,,,,center
tech_heavy_pullback_balanced_focused_qqq_breadth,0.0,2022,tech_heavy_pullback,tech_heavy,universe,universe_cross_sectional,50000000.0,False,"[""Information Technology"", ""Communication""]",[],balanced_pullback,12,0.1,0.4,0.05,qqq_breadth,QQQ,broad,[],0.6,0.0,Sector proxy only: Information Technology + Communication; no sub-industry data available,2022-01-03,2022-12-30,-0.11327370427690042,-0.11452781774452292,-0.1473480842578787,0.11330335044007309,-1.008333081870156,-0.8390852976309747,-0.7772603106538123,2.124722991689751,4.0470914127423825,2.5179282868525896,0.13628109231680963,0.7754906799610071,0.0,0.18387397647180478,-0.11327370427690042,0.48864765932588683,0.13628109231680963,-0.06737494263987917,0.29619039017210785,0.7754906799610071,0.0,0.18387397647180478,,,,,2.9588645418326696,0.24400000000000002,2.2551020408163267,58.0,0.6416666666666666,"{""Information Technology"": 0.2939393939393939, ""Communication"": 0.26565656565656565}",center,0,,,,,center
tech_heavy_pullback_balanced_focused_qqq_breadth,0.0,2023+,tech_heavy_pullback,tech_heavy,universe,universe_cross_sectional,50000000.0,False,"[""Information Technology"", ""Communication""]",[],balanced_pullback,12,0.1,0.4,0.05,qqq_breadth,QQQ,broad,[],0.6,0.0,Sector proxy only: Information Technology + Communication; no sub-industry data available,2023-01-03,2026-04-02,2.6357834802051356,0.48864765932588683,-0.183948521465934,0.2411610247735876,1.7768840321541206,2.5318919566129208,2.6564370043951726,3.4829746835443043,11.404430379746836,8.348466257668711,0.7827216207210972,0.8421557407841006,1.2014380649108989,0.1605929072477867,-0.11327370427690042,0.48864765932588683,0.7827216207210972,0.2179710471624204,0.18942503519884016,0.8421557407841006,1.2014380649108989,0.1605929072477867,0.21816532022181076,0.2265668118347185,0.2544727697863524,1.0,2.9588645418326696,0.24400000000000002,2.2551020408163267,58.0,0.6416666666666666,"{""Information Technology"": 0.2939393939393939, ""Communication"": 0.26565656565656565}",center,0,,,,,center
tech_heavy_pullback_balanced_focused_qqq_breadth,5.0,Full Sample,tech_heavy_pullback,tech_heavy,universe,universe_cross_sectional,50000000.0,False,"[""Information Technology"", ""Communication""]",[],balanced_pullback,12,0.1,0.4,0.05,qqq_breadth,QQQ,broad,[],0.6,0.0,Sector proxy only: Information Technology + Communication; no sub-industry data available,2018-01-02,2026-04-02,4.52577601428643,0.230343208703087,-0.3275691692317261,0.2279969587120907,1.0254865869181704,1.2292045082499627,0.7031895255689941,2.9588645418326696,9.094870517928285,6.397299903567984,0.5393899911907052,0.18352721911052386,0.6730085931089123,0.1322404430743282,-0.11420526158137101,0.4860629363265818,0.5393899911907052,0.12926655598921385,0.21791831863899924,0.18352721911052386,0.6730085931089123,0.1322404430743282,0.07368303542148355,0.05434577387958972,0.2528938208875481,0.8407884761182715,2.9588645418326696,0.24400000000000002,2.2551020408163267,58.0,0.6416666666666666,"{""Information Technology"": 0.2939393939393939, ""Communication"": 0.26565656565656565}",center,0,,,,,center
tech_heavy_pullback_balanced_focused_qqq_breadth,5.0,OOS Sample,tech_heavy_pullback,tech_heavy,universe,universe_cross_sectional,50000000.0,False,"[""Information Technology"", ""Communication""]",[],balanced_pullback,12,0.1,0.4,0.05,qqq_breadth,QQQ,broad,[],0.6,0.0,Sector proxy only: Information Technology + Communication; no sub-industry data available,2022-01-03,2026-04-02,2.20245135974008,0.3155716776716817,-0.1841129708630962,0.21839400709387893,1.3696922975287686,1.792701861378311,1.7140111106367206,3.157645161290324,9.661451612903226,6.975609756097561,0.4963661250001883,0.7955414730177252,0.9806460420570496,0.17786396193063933,-0.11420526158137101,0.4860629363265818,0.4963661250001883,0.2372508945143636,0.21930111648926118,0.7955414730177252,0.9806460420570496,0.17786396193063933,0.18983633317227952,0.18649031208953404,0.25289382088754697,1.0,2.9588645418326696,0.24400000000000002,2.2551020408163267,58.0,0.6416666666666666,"{""Information Technology"": 0.2939393939393939, ""Communication"": 0.26565656565656565}",center,0,,,,,center
tech_heavy_pullback_balanced_focused_qqq_breadth,5.0,2022,tech_heavy_pullback,tech_heavy,universe,universe_cross_sectional,50000000.0,False,"[""Information Technology"", ""Communication""]",[],balanced_pullback,12,0.1,0.4,0.05,qqq_breadth,QQQ,broad,[],0.6,0.0,Sector proxy only: Information Technology + Communication; no sub-industry data available,2022-01-03,2022-12-30,-0.11420526158137101,-0.11546900328424914,-0.1473480842578786,0.11330883483615634,-1.0175879045010994,-0.8350170735984558,-0.783647808288862,2.124722991689751,4.0470914127423825,2.5179282868525896,0.13627227076296664,0.7719180804741065,-0.0011209225874451523,0.18503761283861128,-0.11420526158137101,0.4860629363265818,0.13627227076296664,-0.06843215999560062,0.2961955544105449,0.7719180804741065,-0.0011209225874451523,0.18503761283861128,,,,,2.9588645418326696,0.24400000000000002,2.2551020408163267,58.0,0.6416666666666666,"{""Information Technology"": 0.2939393939393939, ""Communication"": 0.26565656565656565}",center,0,,,,,center
tech_heavy_pullback_balanced_focused_qqq_breadth,5.0,2023+,tech_heavy_pullback,tech_heavy,universe,universe_cross_sectional,50000000.0,False,"[""Information Technology"", ""Communication""]",[],balanced_pullback,12,0.1,0.4,0.05,qqq_breadth,QQQ,broad,[],0.6,0.0,Sector proxy only: Information Technology + Communication; no sub-industry data available,2023-01-03,2026-04-02,2.615342495099122,0.4860629363265818,-0.18411297086309641,0.24115659895957944,1.769672412342374,2.5202546142096662,2.640025491131805,3.4829746835443043,11.404430379746836,8.348466257668711,0.782711558307198,0.8329487014603552,1.1980384957384385,0.1653744247813028,-0.11420526158137101,0.4860629363265818,0.782711558307198,0.21622675998402413,0.18942149342364084,0.8329487014603552,1.1980384957384385,0.1653744247813028,0.2165168061360817,0.22496936060554196,0.25289382088754664,1.0,2.9588645418326696,0.24400000000000002,2.2551020408163267,58.0,0.6416666666666666,"{""Information Technology"": 0.2939393939393939, ""Communication"": 0.26565656565656565}",center,0,,,,,center
tech_heavy_pullback_balanced_focused_qqq_breadth__holdings_count_16,0.0,Full Sample,tech_heavy_pullback,tech_heavy,universe,universe_cross_sectional,50000000.0,False,"[""Information Technology"", ""Communication""]",[],balanced_pullback,16,0.1,0.4,0.05,qqq_breadth,QQQ,broad,[],0.6,0.0,Sector proxy only: Information Technology + Communication; no sub-industry data available,2018-01-02,2026-04-02,3.336255942696912,0.1947023040324558,-0.3822369065391008,0.24716980720557624,0.8452586906022677,0.9951294770538045,0.5093759935307001,3.5530627490039834,9.337400398406373,9.309546769527483,0.5991249310537096,0.06771443790840918,0.694978098678834,0.3141331287137273,-0.1543474732413307,0.37101107473088923,0.5991249310537096,0.09280370010015515,0.22312150934646785,0.06771443790840918,0.694978098678834,0.3141331287137273,0.048080192406576384,0.0555033647770706,0.16075986362959874,0.7748294162244125,3.5530627490039834,0.293,3.1122448979591835,60.0,0.6472222222222221,"{""Information Technology"": 0.34898989898989896, ""Communication"": 0.3277777777777777}",first_order,1,holdings_count,16.0,,,holdings_count:12->16
tech_heavy_pullback_balanced_focused_qqq_breadth__holdings_count_16,0.0,OOS Sample,tech_heavy_pullback,tech_heavy,universe,universe_cross_sectional,50000000.0,False,"[""Information Technology"", ""Communication""]",[],balanced_pullback,16,0.1,0.4,0.05,qqq_breadth,QQQ,broad,[],0.6,0.0,Sector proxy only: Information Technology + Communication; no sub-industry data available,2022-01-03,2026-04-02,1.3539716880047714,0.2235258857655995,-0.206392063341016,0.22849408219167522,1.0004688968808533,1.2442154450862306,1.0830158977396032,4.1395,10.132741935483871,10.02626641651032,0.538240333693865,0.4742263299003402,0.9015985209047223,0.37506606170717044,-0.1543474732413307,0.37101107473088923,0.538240333693865,0.16149909270322518,0.21916068278899486,0.4742263299003402,0.9015985209047223,0.37506606170717044,0.11224962596481101,0.1037240225326438,0.16075986362959746,1.0,3.5530627490039834,0.293,3.1122448979591835,60.0,0.6472222222222221,"{""Information Technology"": 0.34898989898989896, ""Communication"": 0.3277777777777777}",first_order,1,holdings_count,16.0,,,holdings_count:12->16
tech_heavy_pullback_balanced_focused_qqq_breadth__holdings_count_16,0.0,2022,tech_heavy_pullback,tech_heavy,universe,universe_cross_sectional,50000000.0,False,"[""Information Technology"", ""Communication""]",[],balanced_pullback,16,0.1,0.4,0.05,qqq_breadth,QQQ,broad,[],0.6,0.0,Sector proxy only: Information Technology + Communication; no sub-industry data available,2022-01-03,2022-12-30,-0.1543474732413307,-0.15601487499326228,-0.19459078962173604,0.135057144951769,-1.1779965790816662,-0.8168202432515644,-0.8017587846605625,2.5547264542936294,4.0470914127423825,3.458167330677291,0.1561452655464171,0.6194528485829647,0.0,0.2523761388979243,-0.1543474732413307,0.37101107473088923,0.1561452655464171,-0.10539218908021736,0.29839809324802863,0.6194528485829647,0.0,0.2523761388979243,,,,,3.5530627490039834,0.293,3.1122448979591835,60.0,0.6472222222222221,"{""Information Technology"": 0.34898989898989896, ""Communication"": 0.3277777777777777}",first_order,1,holdings_count,16.0,,,holdings_count:12->16
tech_heavy_pullback_balanced_focused_qqq_breadth__holdings_count_16,0.0,2023+,tech_heavy_pullback,tech_heavy,universe,universe_cross_sectional,50000000.0,False,"[""Information Technology"", ""Communication""]",[],balanced_pullback,16,0.1,0.4,0.05,qqq_breadth,QQQ,broad,[],0.6,0.0,Sector proxy only: Information Technology + Communication; no sub-industry data available,2023-01-03,2026-04-02,1.7836157446692567,0.37101107473088923,-0.20049735103569888,0.24986181631182802,1.3927807024327805,1.9080529436775657,1.850453748213512,4.6362605485232065,12.020886075949367,12.049079754601227,0.8431737396222384,0.42000316491759704,1.101239292853045,0.588672824627909,-0.1543474732413307,0.37101107473088923,0.8431737396222384,0.12119758613305022,0.18812458899504192,0.42000316491759704,1.101239292853045,0.588672824627909,0.12702960625542295,0.1334473321070681,0.16075986362959713,1.0,3.5530627490039834,0.293,3.1122448979591835,60.0,0.6472222222222221,"{""Information Technology"": 0.34898989898989896, ""Communication"": 0.3277777777777777}",first_order,1,holdings_count,16.0,,,holdings_count:12->16
tech_heavy_pullback_balanced_focused_qqq_breadth__holdings_count_16,5.0,Full Sample,tech_heavy_pullback,tech_heavy,universe,universe_cross_sectional,50000000.0,False,"[""Information Technology"", ""Communication""]",[],balanced_pullback,16,0.1,0.4,0.05,qqq_breadth,QQQ,broad,[],0.6,0.0,Sector proxy only: Information Technology + Communication; no sub-industry data available,2018-01-02,2026-04-02,3.27334509150805,0.19258691404691963,-0.38558124255460047,0.24715630166364072,0.838102802266793,0.986685634270843,0.499471687914508,3.5530627490039834,9.337400398406373,9.309546769527483,0.5991188988413176,0.05974014204946713,0.6916165526259904,0.31686856766537935,-0.15541685999073596,0.3678373569952089,0.5991188988413176,0.09102483065383765,0.22310809048343513,0.05974014204946713,0.6916165526259904,0.31686856766537935,0.04608835283528787,0.05374382126741619,0.15860135195900438,0.7672479150871873,3.5530627490039834,0.293,3.1122448979591835,60.0,0.6472222222222221,"{""Information Technology"": 0.34898989898989896, ""Communication"": 0.3277777777777777}",first_order,1,holdings_count,16.0,,,holdings_count:12->16
tech_heavy_pullback_balanced_focused_qqq_breadth__holdings_count_16,5.0,OOS Sample,tech_heavy_pullback,tech_heavy,universe,universe_cross_sectional,50000000.0,False,"[""Information Technology"", ""Communication""]",[],balanced_pullback,16,0.1,0.4,0.05,qqq_breadth,QQQ,broad,[],0.6,0.0,Sector proxy only: Information Technology + Communication; no sub-industry data available,2022-01-03,2026-04-02,1.3333841456373783,0.22099582096595705,-0.20915762538147342,0.2285018604908204,0.9913479988407701,1.2324669737355187,1.0565993975256338,4.1395,10.132741935483871,10.02626641651032,0.5382475314862212,0.46473879219173575,0.89773035830311,0.3783505939512784,-0.15541685999073596,0.3678373569952089,0.5382475314862212,0.1594218351332263,0.21916699820124938,0.46473879219173575,0.89773035830311,0.3783505939512784,0.11002735706496947,0.10149586597032331,0.15860135195900307,1.0,3.5530627490039834,0.293,3.1122448979591835,60.0,0.6472222222222221,"{""Information Technology"": 0.34898989898989896, ""Communication"": 0.3277777777777777}",first_order,1,holdings_count,16.0,,,holdings_count:12->16
tech_heavy_pullback_balanced_focused_qqq_breadth__holdings_count_16,5.0,2022,tech_heavy_pullback,tech_heavy,universe,universe_cross_sectional,50000000.0,False,"[""Information Technology"", ""Communication""]",[],balanced_pullback,16,0.1,0.4,0.05,qqq_breadth,QQQ,broad,[],0.6,0.0,Sector proxy only: Information Technology + Communication; no sub-industry data available,2022-01-03,2022-12-30,-0.15541685999073596,-0.15709471006467612,-0.19459078962173593,0.1350721297509228,-1.1872499893939303,-0.8208397562627824,-0.8073080456174301,2.5547264542936294,4.0470914127423825,3.458167330677291,0.1561165915414453,0.61517069012717,-0.0011209225874451523,0.25385104152948074,-0.15541685999073596,0.3678373569952089,0.1561165915414453,-0.10666958110953852,0.29841476835606234,0.61517069012717,-0.0011209225874451523,0.25385104152948074,,,,,3.5530627490039834,0.293,3.1122448979591835,60.0,0.6472222222222221,"{""Information Technology"": 0.34898989898989896, ""Communication"": 0.3277777777777777}",first_order,1,holdings_count,16.0,,,holdings_count:12->16
tech_heavy_pullback_balanced_focused_qqq_breadth__holdings_count_16,5.0,2023+,tech_heavy_pullback,tech_heavy,universe,universe_cross_sectional,50000000.0,False,"[""Information Technology"", ""Communication""]",[],balanced_pullback,16,0.1,0.4,0.05,qqq_breadth,QQQ,broad,[],0.6,0.0,Sector proxy only: Information Technology + Communication; no sub-industry data available,2023-01-03,2026-04-02,1.762764297676819,0.3678373569952089,-0.2005996365207151,0.24987062951764885,1.3834249210422025,1.8946687889021885,1.8336890503648737,4.6362605485232065,12.020886075949367,12.049079754601227,0.843225249811048,0.40763989805694895,1.096762809469578,0.5951079752339149,-0.15541685999073596,0.3678373569952089,0.843225249811048,0.11885827029531233,0.18812550738918793,0.40763989805694895,1.096762809469578,0.5951079752339149,0.12477432567132188,0.131253998209349,0.1586013519590028,1.0,3.5530627490039834,0.293,3.1122448979591835,60.0,0.6472222222222221,"{""Information Technology"": 0.34898989898989896, ""Communication"": 0.3277777777777777}",first_order,1,holdings_count,16.0,,,holdings_count:12->16
tech_heavy_pullback_balanced_focused_qqq_breadth__single_name_cap_0p08,0.0,Full Sample,tech_heavy_pullback,tech_heavy,universe,universe_cross_sectional,50000000.0,False,"[""Information Technology"", ""Communication""]",[],balanced_pullback,12,0.08,0.4,0.05,qqq_breadth,QQQ,broad,[],0.6,0.0,Sector proxy only: Information Technology + Communication; no sub-industry data available,2018-01-02,2026-04-02,3.5561277816871755,0.20188964076072136,-0.2661093252409854,0.19224356113866878,1.0550890499440602,1.2471612836035295,0.75867179993746,2.3646663346613543,9.094870517928285,6.397299903567984,0.46586175888587245,0.04462786469175839,0.5746359241169628,0.09457166403602847,-0.09541698362822104,0.4338705529754201,0.46586175888587245,0.11254360124434899,0.20212027480217468,0.04462786469175839,0.5746359241169628,0.09457166403602847,0.06247020158026994,0.04359448234195028,0.23492020299618216,0.8278999241849886,2.3646663346613543,0.19500000000000003,2.2551020408163267,58.0,0.6416666666666666,"{""Information Technology"": 0.247070707070707, ""Communication"": 0.21878787878787878}",first_order,1,single_name_cap,0.08,,,single_name_cap:0.1->0.08
tech_heavy_pullback_balanced_focused_qqq_breadth__single_name_cap_0p08,0.0,OOS Sample,tech_heavy_pullback,tech_heavy,universe,universe_cross_sectional,50000000.0,False,"[""Information Technology"", ""Communication""]",[],balanced_pullback,12,0.08,0.4,0.05,qqq_breadth,QQQ,broad,[],0.6,0.0,Sector proxy only: Information Technology + Communication; no sub-industry data available,2022-01-03,2026-04-02,1.912205183241606,0.2864462967455761,-0.1636756737847782,0.18584872302914557,1.4532253374901347,1.8987022487315315,1.750084726226528,2.5072645161290326,9.661451612903226,6.975609756097561,0.42493187203888994,0.7033479830857093,0.8534830772364624,0.11406729269362677,-0.09541698362822104,0.4338705529754201,0.42493187203888994,0.2171040478809291,0.20674064708562664,0.7033479830857093,0.8534830772364624,0.11406729269362677,0.16953434423904737,0.16534405062443833,0.23492020299618113,1.0,2.3646663346613543,0.19500000000000003,2.2551020408163267,58.0,0.6416666666666666,"{""Information Technology"": 0.247070707070707, ""Communication"": 0.21878787878787878}",first_order,1,single_name_cap,0.08,,,single_name_cap:0.1->0.08
tech_heavy_pullback_balanced_focused_qqq_breadth__single_name_cap_0p08,0.0,2022,tech_heavy_pullback,tech_heavy,universe,universe_cross_sectional,50000000.0,False,"[""Information Technology"", ""Communication""]",[],balanced_pullback,12,0.08,0.4,0.05,qqq_breadth,QQQ,broad,[],0.6,0.0,Sector proxy only: Information Technology + Communication; no sub-industry data available,2022-01-03,2022-12-30,-0.09541698362822104,-0.09648430038636457,-0.11937869659588174,0.10116112600238021,-0.9444830600843123,-0.8256436287898881,-0.8082204207085725,1.8009556786703602,4.0470914127423825,2.5179282868525896,0.12398368489207057,0.8389786622411962,0.0,0.15438707477551106,-0.09541698362822104,0.4338705529754201,0.12398368489207057,-0.05290197122572472,0.29606883337901113,0.8389786622411962,0.0,0.15438707477551106,,,,,2.3646663346613543,0.19500000000000003,2.2551020408163267,58.0,0.6416666666666666,"{""Information Technology"": 0.247070707070707, ""Communication"": 0.21878787878787878}",first_order,1,single_name_cap,0.08,,,single_name_cap:0.1->0.08
tech_heavy_pullback_balanced_focused_qqq_breadth__single_name_cap_0p08,0.0,2023+,tech_heavy_pullback,tech_heavy,universe,universe_cross_sectional,50000000.0,False,"[""Information Technology"", ""Communication""]",[],balanced_pullback,12,0.08,0.4,0.05,qqq_breadth,QQQ,broad,[],0.6,0.0,Sector proxy only: Information Technology + Communication; no sub-industry data available,2023-01-03,2026-04-02,2.2193896309509102,0.4338705529754201,-0.16367567378477832,0.20447924518474944,1.8715034564010362,2.6522010559198463,2.6507943602292943,2.7308987341772157,11.404430379746836,8.348466257668711,0.6639685704375176,0.6688797013558463,1.0424696565548677,0.0438693666131659,-0.09541698362822104,0.4338705529754201,0.6639685704375176,0.20408284563428133,0.16997648551435046,0.6688797013558463,1.0424696565548677,0.0438693666131659,0.20282932285668295,0.2106761199828326,0.234920202996181,1.0,2.3646663346613543,0.19500000000000003,2.2551020408163267,58.0,0.6416666666666666,"{""Information Technology"": 0.247070707070707, ""Communication"": 0.21878787878787878}",first_order,1,single_name_cap,0.08,,,single_name_cap:0.1->0.08
tech_heavy_pullback_balanced_focused_qqq_breadth__single_name_cap_0p08,5.0,Full Sample,tech_heavy_pullback,tech_heavy,universe,universe_cross_sectional,50000000.0,False,"[""Information Technology"", ""Communication""]",[],balanced_pullback,12,0.08,0.4,0.05,qqq_breadth,QQQ,broad,[],0.6,0.0,Sector proxy only: Information Technology + Communication; no sub-industry data available,2018-01-02,2026-04-02,3.5120502910446607,0.20047360531669822,-0.26836001994685865,0.19222934994219013,1.0490042703195785,1.2399954524402432,0.7470323088975642,2.3646663346613543,9.094870517928285,6.397299903567984,0.4658621399563098,0.03876927822671128,0.5723521312885504,0.09630947352289979,-0.0962225707211738,0.4319190511353015,0.4658621399563098,0.11135886007806219,0.20210665052792207,0.03876927822671128,0.5723521312885504,0.09630947352289979,0.06113873825246113,0.04226553647859366,0.2336985782054906,0.8218347232752085,2.3646663346613543,0.19500000000000003,2.2551020408163267,58.0,0.6416666666666666,"{""Information Technology"": 0.247070707070707, ""Communication"": 0.21878787878787878}",first_order,1,single_name_cap,0.08,,,single_name_cap:0.1->0.08
tech_heavy_pullback_balanced_focused_qqq_breadth__single_name_cap_0p08,5.0,OOS Sample,tech_heavy_pullback,tech_heavy,universe,universe_cross_sectional,50000000.0,False,"[""Information Technology"", ""Communication""]",[],balanced_pullback,12,0.08,0.4,0.05,qqq_breadth,QQQ,broad,[],0.6,0.0,Sector proxy only: Information Technology + Communication; no sub-industry data available,2022-01-03,2026-04-02,1.8967836903515383,0.2848377435877123,-0.16377679463430528,0.1858418554535311,1.4465118020242989,1.8886846728067557,1.7391825516168038,2.5072645161290326,9.661451612903226,6.975609756097561,0.42492026031350083,0.6972752978657276,0.8510838281835104,0.11598567726943912,-0.0962225707211738,0.4319190511353015,0.42492026031350083,0.21584785948590363,0.20673754192673982,0.6972752978657276,0.8510838281835104,0.11598567726943912,0.16823122161431606,0.16397638582103893,0.23369857820548962,1.0,2.3646663346613543,0.19500000000000003,2.2551020408163267,58.0,0.6416666666666666,"{""Information Technology"": 0.247070707070707, ""Communication"": 0.21878787878787878}",first_order,1,single_name_cap,0.08,,,single_name_cap:0.1->0.08
tech_heavy_pullback_balanced_focused_qqq_breadth__single_name_cap_0p08,5.0,2022,tech_heavy_pullback,tech_heavy,universe,universe_cross_sectional,50000000.0,False,"[""Information Technology"", ""Communication""]",[],balanced_pullback,12,0.08,0.4,0.05,qqq_breadth,QQQ,broad,[],0.6,0.0,Sector proxy only: Information Technology + Communication; no sub-industry data available,2022-01-03,2022-12-30,-0.0962225707211738,-0.09729840556710967,-0.11937869659588152,0.1011671901474457,-0.9532588136972264,-0.8190879190667716,-0.8150399387964703,1.8009556786703602,4.0470914127423825,2.5179282868525896,0.12398981106613632,0.8359607924934963,-0.0011209225874451523,0.1553050553307701,-0.0962225707211738,0.4319190511353015,0.12398981106613632,-0.053793410003677024,0.2960687751929787,0.8359607924934963,-0.0011209225874451523,0.1553050553307701,,,,,2.3646663346613543,0.19500000000000003,2.2551020408163267,58.0,0.6416666666666666,"{""Information Technology"": 0.247070707070707, ""Communication"": 0.21878787878787878}",first_order,1,single_name_cap,0.08,,,single_name_cap:0.1->0.08
tech_heavy_pullback_balanced_focused_qqq_breadth__single_name_cap_0p08,5.0,2023+,tech_heavy_pullback,tech_heavy,universe,universe_cross_sectional,50000000.0,False,"[""Information Technology"", ""Communication""]",[],balanced_pullback,12,0.08,0.4,0.05,qqq_breadth,QQQ,broad,[],0.6,0.0,Sector proxy only: Information Technology + Communication; no sub-industry data available,2023-01-03,2026-04-02,2.2051958773334692,0.4319190511353015,-0.16377679463430506,0.20447119714720657,1.8648780492043857,2.6417095132197286,2.637242059229011,2.7308987341772157,11.404430379746836,8.348466257668711,0.6639495024737995,0.6608415923351508,1.0397873479399726,0.04752948400248344,-0.0962225707211738,0.4319190511353015,0.6639495024737995,0.2027182078507341,0.16997122351255317,0.6608415923351508,1.0397873479399726,0.04752948400248344,0.2015657126236161,0.20945091913266378,0.23369857820548934,1.0,2.3646663346613543,0.19500000000000003,2.2551020408163267,58.0,0.6416666666666666,"{""Information Technology"": 0.247070707070707, ""Communication"": 0.21878787878787878}",first_order,1,single_name_cap,0.08,,,single_name_cap:0.1->0.08
tech_heavy_pullback_balanced_focused_qqq_breadth__sector_cap_0p3,0.0,Full Sample,tech_heavy_pullback,tech_heavy,universe,universe_cross_sectional,50000000.0,False,"[""Information Technology"", ""Communication""]",[],balanced_pullback,12,0.1,0.3,0.05,qqq_breadth,QQQ,broad,[],0.6,0.0,Sector proxy only: Information Technology + Communication; no sub-industry data available,2018-01-02,2026-04-02,2.804364816851326,0.1758932057535323,-0.26163078375405413,0.19012184919538072,0.9493757612084536,1.1237839680286892,0.672295527421118,2.3100971115537847,8.731075697211155,5.227579556412729,0.45452156104700375,-0.0654998041525545,0.5511126042551941,0.1671938157796122,-0.08806480175682685,0.4090698932341097,0.45452156104700375,0.0924044880100794,0.20331060335827883,-0.0654998041525545,0.5511126042551941,0.1671938157796122,0.04989308735998436,0.02009505174623772,0.22502242442515089,0.6110689916603488,2.3100971115537847,0.1905,1.969387755102041,33.0,0.6361111111111111,"{""Communication"": 0.22121212121212128, ""Information Technology"": 0.22121212121212128}",first_order,1,sector_cap,0.3,,,sector_cap:0.4->0.3
tech_heavy_pullback_balanced_focused_qqq_breadth__sector_cap_0p3,0.0,OOS Sample,tech_heavy_pullback,tech_heavy,universe,universe_cross_sectional,50000000.0,False,"[""Information Technology"", ""Communication""]",[],balanced_pullback,12,0.1,0.3,0.05,qqq_breadth,QQQ,broad,[],0.6,0.0,Sector proxy only: Information Technology + Communication; no sub-industry data available,2022-01-03,2026-04-02,1.774301935109686,0.27182404352718437,-0.18563195820714917,0.18065575704811015,1.4260379977682016,1.9450664277227305,1.4643170613103822,2.415362903225807,9.425806451612903,5.887429643527205,0.4008704095840244,0.6376974831109224,0.8270380423477973,0.13242836786768802,-0.08806480175682685,0.4090698932341097,0.4008704095840244,0.20764567813811183,0.20848838436834324,0.6376974831109224,0.8270380423477973,0.13242836786768802,0.18746805197527752,0.19004259496986928,0.22502242442514994,1.0,2.3100971115537847,0.1905,1.969387755102041,33.0,0.6361111111111111,"{""Communication"": 0.22121212121212128, ""Information Technology"": 0.22121212121212128}",first_order,1,sector_cap,0.3,,,sector_cap:0.4->0.3
tech_heavy_pullback_balanced_focused_qqq_breadth__sector_cap_0p3,0.0,2022,tech_heavy_pullback,tech_heavy,universe,universe_cross_sectional,50000000.0,False,"[""Information Technology"", ""Communication""]",[],balanced_pullback,12,0.1,0.3,0.05,qqq_breadth,QQQ,broad,[],0.6,0.0,Sector proxy only: Information Technology + Communication; no sub-industry data available,2022-01-03,2022-12-30,-0.08806480175682685,-0.08905398479342985,-0.11129425267287729,0.09145250485741008,-0.9661256375289002,-0.8983882470045231,-0.8001669686859989,1.922368421052632,4.0470914127423825,2.366533864541833,0.11280495469538124,0.8611467025928995,0.0,0.1428829813827141,-0.08806480175682685,0.4090698932341097,0.11280495469538124,-0.049556427912075665,0.2967970419899328,0.8611467025928995,0.0,0.1428829813827141,,,,,2.3100971115537847,0.1905,1.969387755102041,33.0,0.6361111111111111,"{""Communication"": 0.22121212121212128, ""Information Technology"": 0.22121212121212128}",first_order,1,sector_cap,0.3,,,sector_cap:0.4->0.3
tech_heavy_pullback_balanced_focused_qqq_breadth__sector_cap_0p3,0.0,2023+,tech_heavy_pullback,tech_heavy,universe,universe_cross_sectional,50000000.0,False,"[""Information Technology"", ""Communication""]",[],balanced_pullback,12,0.1,0.3,0.05,qqq_breadth,QQQ,broad,[],0.6,0.0,Sector proxy only: Information Technology + Communication; no sub-industry data available,2023-01-03,2026-04-02,2.042213899029592,0.4090698932341097,-0.18563195820714895,0.19980148089997135,1.8226805425038168,2.698703419428531,2.203660927703104,2.57370253164557,11.09620253164557,6.971779141104294,0.6296983153802961,0.5523054873268892,1.0101689031207957,0.11422657835312303,-0.08806480175682685,0.4090698932341097,0.6296983153802961,0.19479185193128631,0.17234027277790034,0.5523054873268892,1.0101689031207957,0.11422657835312303,0.20172432072403648,0.20500810289915855,0.2250224244251497,1.0,2.3100971115537847,0.1905,1.969387755102041,33.0,0.6361111111111111,"{""Communication"": 0.22121212121212128, ""Information Technology"": 0.22121212121212128}",first_order,1,sector_cap,0.3,,,sector_cap:0.4->0.3
tech_heavy_pullback_balanced_focused_qqq_breadth__sector_cap_0p3,5.0,Full Sample,tech_heavy_pullback,tech_heavy,universe,universe_cross_sectional,50000000.0,False,"[""Information Technology"", ""Communication""]",[],balanced_pullback,12,0.1,0.3,0.05,qqq_breadth,QQQ,broad,[],0.6,0.0,Sector proxy only: Information Technology + Communication; no sub-industry data available,2018-01-02,2026-04-02,2.768386780593921,0.17453904582520563,-0.2621763104623258,0.1901105440489673,0.9433445544338548,1.1166836306861845,0.6657315663547967,2.3100971115537847,8.731075697211155,5.227579556412729,0.454522943397416,-0.07119605952427148,0.5488602922678718,0.1688220201059258,-0.08893068259897063,0.40726170562166963,0.454522943397416,0.09124689125820987,0.20329964371614076,-0.07119605952427148,0.5488602922678718,0.1688220201059258,0.04860880417407343,0.018840344205213803,0.22388375645654063,0.6072782410917361,2.3100971115537847,0.1905,1.969387755102041,33.0,0.6361111111111111,"{""Communication"": 0.22121212121212128, ""Information Technology"": 0.22121212121212128}",first_order,1,sector_cap,0.3,,,sector_cap:0.4->0.3
tech_heavy_pullback_balanced_focused_qqq_breadth__sector_cap_0p3,5.0,OOS Sample,tech_heavy_pullback,tech_heavy,universe,universe_cross_sectional,50000000.0,False,"[""Information Technology"", ""Communication""]",[],balanced_pullback,12,0.1,0.3,0.05,qqq_breadth,QQQ,broad,[],0.6,0.0,Sector proxy only: Information Technology + Communication; no sub-industry data available,2022-01-03,2026-04-02,1.760145027734949,0.2702917255161432,-0.18575491296087598,0.1806499509464182,1.419377277775736,1.933947316793816,1.4550986631135432,2.415362903225807,9.425806451612903,5.887429643527205,0.40085279367891186,0.6318876812614146,0.8247167334937467,0.13423470505950133,-0.08893068259897063,0.40726170562166963,0.40085279367891186,0.2064363358418824,0.2084879693255403,0.6318876812614146,0.8247167334937467,0.13423470505950133,0.18629565174145252,0.18881132985421434,0.2238837564565397,1.0,2.3100971115537847,0.1905,1.969387755102041,33.0,0.6361111111111111,"{""Communication"": 0.22121212121212128, ""Information Technology"": 0.22121212121212128}",first_order,1,sector_cap,0.3,,,sector_cap:0.4->0.3
tech_heavy_pullback_balanced_focused_qqq_breadth__sector_cap_0p3,5.0,2022,tech_heavy_pullback,tech_heavy,universe,universe_cross_sectional,50000000.0,False,"[""Information Technology"", ""Communication""]",[],balanced_pullback,12,0.1,0.3,0.05,qqq_breadth,QQQ,broad,[],0.6,0.0,Sector proxy only: Information Technology + Communication; no sub-industry data available,2022-01-03,2022-12-30,-0.08893068259897063,-0.08992910434595625,-0.11129425267287707,0.09144819195912607,-0.9766009858287352,-0.884168850186461,-0.8080300840896197,1.922368421052632,4.0470914127423825,2.366533864541833,0.11280478714385124,0.8579367831289665,-0.0011209225874451523,0.14389345473288004,-0.08893068259897063,0.40726170562166963,0.11280478714385124,-0.05051027040037431,0.29679577119859013,0.8579367831289665,-0.0011209225874451523,0.14389345473288004,,,,,2.3100971115537847,0.1905,1.969387755102041,33.0,0.6361111111111111,"{""Communication"": 0.22121212121212128, ""Information Technology"": 0.22121212121212128}",first_order,1,sector_cap,0.3,,,sector_cap:0.4->0.3
tech_heavy_pullback_balanced_focused_qqq_breadth__sector_cap_0p3,5.0,2023+,tech_heavy_pullback,tech_heavy,universe,universe_cross_sectional,50000000.0,False,"[""Information Technology"", ""Communication""]",[],balanced_pullback,12,0.1,0.3,0.05,qqq_breadth,QQQ,broad,[],0.6,0.0,Sector proxy only: Information Technology + Communication; no sub-industry data available,2023-01-03,2026-04-02,2.029566439147245,0.40726170562166963,-0.18575491296087598,0.19979593555030925,1.8162699373984603,2.687448949763085,2.1924680167541397,2.57370253164557,11.09620253164557,6.971779141104294,0.6296714009310672,0.5448158290155325,1.0075817929867465,0.11741853789310809,-0.08893068259897063,0.40726170562166963,0.6296714009310672,0.19350817139802126,0.17233999655794074,0.5448158290155325,1.0075817929867465,0.11741853789310809,0.20056226346516992,0.2038636817187733,0.22388375645653943,1.0,2.3100971115537847,0.1905,1.969387755102041,33.0,0.6361111111111111,"{""Communication"": 0.22121212121212128, ""Information Technology"": 0.22121212121212128}",first_order,1,sector_cap,0.3,,,sector_cap:0.4->0.3
tech_heavy_pullback_balanced_focused_qqq_breadth__sector_cap_0p5,0.0,Full Sample,tech_heavy_pullback,tech_heavy,universe,universe_cross_sectional,50000000.0,False,"[""Information Technology"", ""Communication""]",[],balanced_pullback,12,0.1,0.5,0.05,qqq_breadth,QQQ,broad,[],0.6,0.0,Sector proxy only: Information Technology + Communication; no sub-industry data available,2018-01-02,2026-04-02,4.089753748368446,0.21814094623432223,-0.3916872106548066,0.25079759428129855,0.9142930182527644,1.0865783209922284,0.556926395093787,3.512641102257636,9.21613545816733,8.736740597878496,0.6068656214225611,0.15760026795336582,0.7218415204742383,0.2606998151133116,-0.16333207668447203,0.4374448996815963,0.6068656214225611,0.1116835087168363,0.22518114913455278,0.15760026795336582,0.7218415204742383,0.2606998151133116,0.05285709277809333,0.05964234904131557,0.20818314949815758,0.7831690674753601,3.512641102257636,0.2896666666666667,2.938775510204082,60.5,0.6472222222222221,"{""Information Technology"": 0.36262626262626263, ""Communication"": 0.3141414141414141}",first_order,1,sector_cap,0.5,,,sector_cap:0.4->0.5
tech_heavy_pullback_balanced_focused_qqq_breadth__sector_cap_0p5,0.0,OOS Sample,tech_heavy_pullback,tech_heavy,universe,universe_cross_sectional,50000000.0,False,"[""Information Technology"", ""Communication""]",[],balanced_pullback,12,0.1,0.5,0.05,qqq_breadth,QQQ,broad,[],0.6,0.0,Sector proxy only: Information Technology + Communication; no sub-industry data available,2022-01-03,2026-04-02,1.715405233070035,0.2654093416134502,-0.21057833343740873,0.23538055683455375,1.1215607269265366,1.4076136587430315,1.2603829524196475,4.072733870967743,9.89709677419355,9.151969981238274,0.552782303447598,0.6253505596289692,0.9643118474914885,0.3122452798006529,-0.16333207668447203,0.4374448996815963,0.552782303447598,0.19507851931708034,0.22279364779615404,0.6253505596289692,0.9643118474914885,0.3122452798006529,0.12290071061008923,0.10987569814592246,0.20818314949815633,1.0,3.512641102257636,0.2896666666666667,2.938775510204082,60.5,0.6472222222222221,"{""Information Technology"": 0.36262626262626263, ""Communication"": 0.3141414141414141}",first_order,1,sector_cap,0.5,,,sector_cap:0.4->0.5
tech_heavy_pullback_balanced_focused_qqq_breadth__sector_cap_0p5,0.0,2022,tech_heavy_pullback,tech_heavy,universe,universe_cross_sectional,50000000.0,False,"[""Information Technology"", ""Communication""]",[],balanced_pullback,12,0.1,0.5,0.05,qqq_breadth,QQQ,broad,[],0.6,0.0,Sector proxy only: Information Technology + Communication; no sub-industry data available,2022-01-03,2022-12-30,-0.16333207668447203,-0.165086759658853,-0.19459078962173604,0.1407693089837097,-1.2007385213647366,-0.8680282739212534,-0.8483791035524562,2.5800207756232694,4.0470914127423825,2.8207171314741037,0.1661380901824433,0.5877672213815758,0.0,0.26860005971980394,-0.16333207668447203,0.4374448996815963,0.1661380901824433,-0.1118855301306339,0.2975893607577496,0.5877672213815758,0.0,0.26860005971980394,,,,,3.512641102257636,0.2896666666666667,2.938775510204082,60.5,0.6472222222222221,"{""Information Technology"": 0.36262626262626263, ""Communication"": 0.3141414141414141}",first_order,1,sector_cap,0.5,,,sector_cap:0.4->0.5
tech_heavy_pullback_balanced_focused_qqq_breadth__sector_cap_0p5,0.0,2023+,tech_heavy_pullback,tech_heavy,universe,universe_cross_sectional,50000000.0,False,"[""Information Technology"", ""Communication""]",[],balanced_pullback,12,0.1,0.5,0.05,qqq_breadth,QQQ,broad,[],0.6,0.0,Sector proxy only: Information Technology + Communication; no sub-industry data available,2023-01-03,2026-04-02,2.2454993879883567,0.4374448996815963,-0.20049735103569954,0.2570301697008363,1.545940480383265,2.133204973307984,2.181798898698203,4.541223628691983,11.712658227848102,11.101840490797546,0.8606446751650615,0.6615637762216477,1.177839218231772,0.388232891211317,-0.16333207668447203,0.4374448996815963,0.8606446751650615,0.1658487107797616,0.19403050072698982,0.6615637762216477,1.177839218231772,0.388232891211317,0.16411862605110022,0.17489663485016366,0.20818314949815597,1.0,3.512641102257636,0.2896666666666667,2.938775510204082,60.5,0.6472222222222221,"{""Information Technology"": 0.36262626262626263, ""Communication"": 0.3141414141414141}",first_order,1,sector_cap,0.5,,,sector_cap:0.4->0.5
tech_heavy_pullback_balanced_focused_qqq_breadth__sector_cap_0p5,5.0,Full Sample,tech_heavy_pullback,tech_heavy,universe,universe_cross_sectional,50000000.0,False,"[""Information Technology"", ""Communication""]",[],balanced_pullback,12,0.1,0.5,0.05,qqq_breadth,QQQ,broad,[],0.6,0.0,Sector proxy only: Information Technology + Communication; no sub-industry data available,2018-01-02,2026-04-02,4.016758710879815,0.21600897156298338,-0.39446969236770413,0.2507835616840925,0.9073270196355456,1.0782611897659846,0.5475933278078841,3.512641102257636,9.21613545816733,8.736740597878496,0.606853989473182,0.14979371677229456,0.7185043895227214,0.26339234699459346,-0.16440109123142688,0.4341876236208575,0.606853989473182,0.10992597530051139,0.22516846713509606,0.14979371677229456,0.7185043895227214,0.26339234699459346,0.05088083088130825,0.05801286941794464,0.20607521293000472,0.775587566338135,3.512641102257636,0.2896666666666667,2.938775510204082,60.5,0.6472222222222221,"{""Information Technology"": 0.36262626262626263, ""Communication"": 0.3141414141414141}",first_order,1,sector_cap,0.5,,,sector_cap:0.4->0.5
tech_heavy_pullback_balanced_focused_qqq_breadth__sector_cap_0p5,5.0,OOS Sample,tech_heavy_pullback,tech_heavy,universe,universe_cross_sectional,50000000.0,False,"[""Information Technology"", ""Communication""]",[],balanced_pullback,12,0.1,0.5,0.05,qqq_breadth,QQQ,broad,[],0.6,0.0,Sector proxy only: Information Technology + Communication; no sub-industry data available,2022-01-03,2026-04-02,1.6920488895385644,0.26283603042061765,-0.21265920912904945,0.23538509981922562,1.1128602366284936,1.3962780498951908,1.2359494399375812,4.072733870967743,9.89709677419355,9.151969981238274,0.5527817626785896,0.6161675795589846,0.9604696568059502,0.31544151113381064,-0.16440109123142688,0.4341876236208575,0.5527817626785896,0.1930357161903684,0.222798580031218,0.6161675795589846,0.9604696568059502,0.31544151113381064,0.12071619826717259,0.10776712864894566,0.20607521293000344,1.0,3.512641102257636,0.2896666666666667,2.938775510204082,60.5,0.6472222222222221,"{""Information Technology"": 0.36262626262626263, ""Communication"": 0.3141414141414141}",first_order,1,sector_cap,0.5,,,sector_cap:0.4->0.5
tech_heavy_pullback_balanced_focused_qqq_breadth__sector_cap_0p5,5.0,2022,tech_heavy_pullback,tech_heavy,universe,universe_cross_sectional,50000000.0,False,"[""Information Technology"", ""Communication""]",[],balanced_pullback,12,0.1,0.5,0.05,qqq_breadth,QQQ,broad,[],0.6,0.0,Sector proxy only: Information Technology + Communication; no sub-industry data available,2022-01-03,2022-12-30,-0.16440109123142688,-0.1661660830748799,-0.19459078962173582,0.14078788032067985,-1.20967238952666,-0.8686379750024158,-0.853925735117728,2.5800207756232694,4.0470914127423825,2.8207171314741037,0.16610790422241375,0.5834280283875228,-0.0011209225874451523,0.2700869700156091,-0.16440109123142688,0.4341876236208575,0.16610790422241375,-0.11317599198318465,0.29760858847305294,0.5834280283875228,-0.0011209225874451523,0.2700869700156091,,,,,3.512641102257636,0.2896666666666667,2.938775510204082,60.5,0.6472222222222221,"{""Information Technology"": 0.36262626262626263, ""Communication"": 0.3141414141414141}",first_order,1,sector_cap,0.5,,,sector_cap:0.4->0.5
tech_heavy_pullback_balanced_focused_qqq_breadth__sector_cap_0p5,5.0,2023+,tech_heavy_pullback,tech_heavy,universe,universe_cross_sectional,50000000.0,False,"[""Information Technology"", ""Communication""]",[],balanced_pullback,12,0.1,0.5,0.05,qqq_breadth,QQQ,broad,[],0.6,0.0,Sector proxy only: Information Technology + Communication; no sub-industry data available,2023-01-03,2026-04-02,2.2216998625642606,0.4341876236208575,-0.200599636520715,0.25703453107859164,1.5370524378627581,2.120473660061636,2.1644487056486814,4.541223628691983,11.712658227848102,11.101840490797546,0.8606824913106846,0.6498307953568996,1.1733944577203246,0.3944051007276942,-0.16440109123142688,0.4341876236208575,0.8606824913106846,0.16356074721152575,0.1940285998339505,0.6498307953568996,1.1733944577203246,0.3944051007276942,0.16189881584263963,0.17273965860539842,0.20607521293000308,1.0,3.512641102257636,0.2896666666666667,2.938775510204082,60.5,0.6472222222222221,"{""Information Technology"": 0.36262626262626263, ""Communication"": 0.3141414141414141}",first_order,1,sector_cap,0.5,,,sector_cap:0.4->0.5
tech_heavy_pullback_balanced_focused_qqq_breadth__hold_bonus_0p1,0.0,Full Sample,tech_heavy_pullback,tech_heavy,universe,universe_cross_sectional,50000000.0,False,"[""Information Technology"", ""Communication""]",[],balanced_pullback,12,0.1,0.4,0.1,qqq_breadth,QQQ,broad,[],0.6,0.0,Sector proxy only: Information Technology + Communication; no sub-industry data available,2018-01-02,2026-04-02,4.285850231414159,0.2237380940899607,-0.3267342784823559,0.228122947606983,1.0013838830589024,1.2017379068288945,0.6847708025285839,2.801220119521912,8.973605577689243,6.397299903567984,0.5401006704077397,0.1589282495851946,0.6644047751133126,0.14415266794952208,-0.11327370427690042,0.4938281592263396,0.5401006704077397,0.12375963656486016,0.21786411903211694,0.1589282495851946,0.6644047751133126,0.14415266794952208,0.0659356288661223,0.040726117495891036,0.2597935512619764,0.7907505686125853,2.801220119521912,0.23100000000000004,2.1020408163265305,61.0,0.6555555555555556,"{""Information Technology"": 0.2939393939393939, ""Communication"": 0.26565656565656565}",first_order,1,hold_bonus,0.1,,,hold_bonus:0.05->0.1
tech_heavy_pullback_balanced_focused_qqq_breadth__hold_bonus_0p1,0.0,OOS Sample,tech_heavy_pullback,tech_heavy,universe,universe_cross_sectional,50000000.0,False,"[""Information Technology"", ""Communication""]",[],balanced_pullback,12,0.1,0.4,0.1,qqq_breadth,QQQ,broad,[],0.6,0.0,Sector proxy only: Information Technology + Communication; no sub-industry data available,2022-01-03,2026-04-02,2.260486674135798,0.32115119187335295,-0.18394852146593355,0.21862299371572036,1.3879272238951843,1.8136834794592487,1.7458753640095375,3.0162580645161303,9.661451612903226,6.975609756097561,0.49631793300843785,0.8142589636999333,0.9806420767492348,0.15980202553193867,-0.11327370427690042,0.4938281592263396,0.49631793300843785,0.24155711798834814,0.21954114921694673,0.8142589636999333,0.9806420767492348,0.15980202553193867,0.19543625349324606,0.19209029380828618,0.2597935512619752,1.0,2.801220119521912,0.23100000000000004,2.1020408163265305,61.0,0.6555555555555556,"{""Information Technology"": 0.2939393939393939, ""Communication"": 0.26565656565656565}",first_order,1,hold_bonus,0.1,,,hold_bonus:0.05->0.1
tech_heavy_pullback_balanced_focused_qqq_breadth__hold_bonus_0p1,0.0,2022,tech_heavy_pullback,tech_heavy,universe,universe_cross_sectional,50000000.0,False,"[""Information Technology"", ""Communication""]",[],balanced_pullback,12,0.1,0.4,0.1,qqq_breadth,QQQ,broad,[],0.6,0.0,Sector proxy only: Information Technology + Communication; no sub-industry data available,2022-01-03,2022-12-30,-0.11327370427690042,-0.11452781774452292,-0.1473480842578787,0.11330335044007309,-1.008333081870156,-0.8390852976309747,-0.7772603106538123,2.124722991689751,4.0470914127423825,2.5179282868525896,0.13628109231680963,0.7754906799610071,0.0,0.18387397647180478,-0.11327370427690042,0.4938281592263396,0.13628109231680963,-0.06737494263987918,0.29619039017210785,0.7754906799610071,0.0,0.18387397647180478,,,,,2.801220119521912,0.23100000000000004,2.1020408163265305,61.0,0.6555555555555556,"{""Information Technology"": 0.2939393939393939, ""Communication"": 0.26565656565656565}",first_order,1,hold_bonus,0.1,,,hold_bonus:0.05->0.1
tech_heavy_pullback_balanced_focused_qqq_breadth__hold_bonus_0p1,0.0,2023+,tech_heavy_pullback,tech_heavy,universe,universe_cross_sectional,50000000.0,False,"[""Information Technology"", ""Communication""]",[],balanced_pullback,12,0.1,0.4,0.1,qqq_breadth,QQQ,broad,[],0.6,0.0,Sector proxy only: Information Technology + Communication; no sub-industry data available,2023-01-03,2026-04-02,2.6769933291275096,0.4938281592263396,-0.18394852146593366,0.24141967767728162,1.7896970869806272,2.543339022682391,2.6845997743873906,3.2980379746835453,11.404430379746836,8.348466257668711,0.7825553340101218,0.8592622373662099,1.1977854467392044,0.11789205118591092,-0.11327370427690042,0.4938281592263396,0.7825553340101218,0.22156869637114796,0.18978874379667623,0.8592622373662099,1.1977854467392044,0.11789205118591092,0.22241950214849118,0.2311319557399641,0.2597935512619749,1.0,2.801220119521912,0.23100000000000004,2.1020408163265305,61.0,0.6555555555555556,"{""Information Technology"": 0.2939393939393939, ""Communication"": 0.26565656565656565}",first_order,1,hold_bonus,0.1,,,hold_bonus:0.05->0.1
tech_heavy_pullback_balanced_focused_qqq_breadth__hold_bonus_0p1,5.0,Full Sample,tech_heavy_pullback,tech_heavy,universe,universe_cross_sectional,50000000.0,False,"[""Information Technology"", ""Communication""]",[],balanced_pullback,12,0.1,0.4,0.1,qqq_breadth,QQQ,broad,[],0.6,0.0,Sector proxy only: Information Technology + Communication; no sub-industry data available,2018-01-02,2026-04-02,4.225344073910627,0.22203082131968754,-0.329233362376549,0.22810718580035197,0.9953008151514042,1.1942252391105839,0.6743873698490728,2.801220119521912,8.973605577689243,6.397299903567984,0.540091146543803,0.15249654049303785,0.6617086897116957,0.14624389178497252,-0.11420526158137101,0.49137178707991214,0.540091146543803,0.1223581073013424,0.2178501089745805,0.15249654049303785,0.6617086897116957,0.14624389178497252,0.06435528384881592,0.03911425131123206,0.2583059266795216,0.7824109173616376,2.801220119521912,0.23100000000000004,2.1020408163265305,61.0,0.6555555555555556,"{""Information Technology"": 0.2939393939393939, ""Communication"": 0.26565656565656565}",first_order,1,hold_bonus,0.1,,,hold_bonus:0.05->0.1
tech_heavy_pullback_balanced_focused_qqq_breadth__hold_bonus_0p1,5.0,OOS Sample,tech_heavy_pullback,tech_heavy,universe,universe_cross_sectional,50000000.0,False,"[""Information Technology"", ""Communication""]",[],balanced_pullback,12,0.1,0.4,0.1,qqq_breadth,QQQ,broad,[],0.6,0.0,Sector proxy only: Information Technology + Communication; no sub-industry data available,2022-01-03,2026-04-02,2.2397174740245753,0.3191632286571864,-0.18411297086309653,0.21861971335583152,1.3810276050682884,1.803218300110702,1.7335184325199504,3.0162580645161303,9.661451612903226,6.975609756097561,0.4963032521648787,0.8073661435464624,0.9777285369624628,0.16209061350239212,-0.11420526158137101,0.49137178707991214,0.4963032521648787,0.24004600265013537,0.21954153574150792,0.8073661435464624,0.9777285369624628,0.16209061350239212,0.1938727030359596,0.19045397088077687,0.2583059266795205,1.0,2.801220119521912,0.23100000000000004,2.1020408163265305,61.0,0.6555555555555556,"{""Information Technology"": 0.2939393939393939, ""Communication"": 0.26565656565656565}",first_order,1,hold_bonus,0.1,,,hold_bonus:0.05->0.1
tech_heavy_pullback_balanced_focused_qqq_breadth__hold_bonus_0p1,5.0,2022,tech_heavy_pullback,tech_heavy,universe,universe_cross_sectional,50000000.0,False,"[""Information Technology"", ""Communication""]",[],balanced_pullback,12,0.1,0.4,0.1,qqq_breadth,QQQ,broad,[],0.6,0.0,Sector proxy only: Information Technology + Communication; no sub-industry data available,2022-01-03,2022-12-30,-0.11420526158137101,-0.11546900328424914,-0.1473480842578786,0.11330883483615634,-1.0175879045010991,-0.8350170735984556,-0.783647808288862,2.124722991689751,4.0470914127423825,2.5179282868525896,0.13627227076296664,0.7719180804741067,-0.0011209225874451523,0.18503761283861128,-0.11420526158137101,0.49137178707991214,0.13627227076296664,-0.06843215999560062,0.2961955544105449,0.7719180804741067,-0.0011209225874451523,0.18503761283861128,,,,,2.801220119521912,0.23100000000000004,2.1020408163265305,61.0,0.6555555555555556,"{""Information Technology"": 0.2939393939393939, ""Communication"": 0.26565656565656565}",first_order,1,hold_bonus,0.1,,,hold_bonus:0.05->0.1
tech_heavy_pullback_balanced_focused_qqq_breadth__hold_bonus_0p1,5.0,2023+,tech_heavy_pullback,tech_heavy,universe,universe_cross_sectional,50000000.0,False,"[""Information Technology"", ""Communication""]",[],balanced_pullback,12,0.1,0.4,0.1,qqq_breadth,QQQ,broad,[],0.6,0.0,Sector proxy only: Information Technology + Communication; no sub-industry data available,2023-01-03,2026-04-02,2.657413318810517,0.49137178707991214,-0.1841129708630962,0.2414162675236572,1.7828701651508254,2.5322321995230865,2.6688602371491212,3.2980379746835453,11.404430379746836,8.348466257668711,0.7825445295121284,0.8505554448870433,1.1944749681008442,0.12213921297396398,-0.11420526158137101,0.49137178707991214,0.7825445295121284,0.21991736954199512,0.1897866487872025,0.8505554448870433,1.1944749681008442,0.12213921297396398,0.22086826414202795,0.22963086948591205,0.25830592667952007,1.0,2.801220119521912,0.23100000000000004,2.1020408163265305,61.0,0.6555555555555556,"{""Information Technology"": 0.2939393939393939, ""Communication"": 0.26565656565656565}",first_order,1,hold_bonus,0.1,,,hold_bonus:0.05->0.1
tech_heavy_pullback_balanced_focused_qqq_breadth__adv20m,0.0,Full Sample,tech_heavy_pullback,tech_heavy,universe,universe_cross_sectional,20000000.0,False,"[""Information Technology"", ""Communication""]",[],balanced_pullback,12,0.1,0.4,0.05,qqq_breadth,QQQ,broad,[],0.6,0.0,Sector proxy only: Information Technology + Communication; no sub-industry data available,2018-01-02,2026-04-02,3.9950932494937614,0.21537093984058409,-0.30982270943123214,0.22599913488036838,0.9782395549895511,1.1571289140263237,0.6951425227542514,2.8861055776892433,8.973605577689243,6.243008678881389,0.5255623637686613,0.12425244453492428,0.6430592707159462,0.14083227236514903,-0.13770452619222162,0.448010531748096,0.5255623637686613,0.11922001222714458,0.21945172371560503,0.12425244453492428,0.6430592707159462,0.14083227236514903,0.070564412900106,0.0564617432251701,0.21791200995254795,0.8597422289613343,2.8861055776892433,0.23800000000000004,2.204081632653061,60.0,0.6394366197183098,"{""Information Technology"": 0.29040404040404033, ""Communication"": 0.26515151515151514}",first_order,1,min_adv20_usd,20000000.0,,,min_adv20_usd:50000000.0->20000000.0
tech_heavy_pullback_balanced_focused_qqq_breadth__adv20m,0.0,OOS Sample,tech_heavy_pullback,tech_heavy,universe,universe_cross_sectional,20000000.0,False,"[""Information Technology"", ""Communication""]",[],balanced_pullback,12,0.1,0.4,0.05,qqq_breadth,QQQ,broad,[],0.6,0.0,Sector proxy only: Information Technology + Communication; no sub-industry data available,2022-01-03,2026-04-02,1.8658691002795433,0.28159335317806344,-0.19817080986078406,0.21463589852304132,1.2674740574650862,1.6172766328740158,1.4209628217994574,3.0516048387096784,9.661451612903226,6.675422138836773,0.4656266044545685,0.6602470908662232,0.9161685051782824,0.19861660168555922,-0.13770452619222162,0.448010531748096,0.4656266044545685,0.21399601765719165,0.2232133683295454,0.6602470908662232,0.9161685051782824,0.19861660168555922,0.1719981710187725,0.1743497587574627,0.21791200995254686,1.0,2.8861055776892433,0.23800000000000004,2.204081632653061,60.0,0.6394366197183098,"{""Information Technology"": 0.29040404040404033, ""Communication"": 0.26515151515151514}",first_order,1,min_adv20_usd,20000000.0,,,min_adv20_usd:50000000.0->20000000.0
tech_heavy_pullback_balanced_focused_qqq_breadth__adv20m,0.0,2022,tech_heavy_pullback,tech_heavy,universe,universe_cross_sectional,20000000.0,False,"[""Information Technology"", ""Communication""]",[],balanced_pullback,12,0.1,0.4,0.05,qqq_breadth,QQQ,broad,[],0.6,0.0,Sector proxy only: Information Technology + Communication; no sub-industry data available,2022-01-03,2022-12-30,-0.13770452619222162,-0.13920726035511266,-0.1473480842578787,0.09178331336400795,-1.574150144005986,-1.0160443291739796,-0.944751070611013,1.8717797783933523,3.0353185595567864,1.6095617529880477,0.08206474995925088,0.6489158077485178,0.0,0.22957520303242143,-0.13770452619222162,0.448010531748096,0.08206474995925088,-0.11625533272633044,0.307373753693386,0.6489158077485178,0.0,0.22957520303242143,,,,,2.8861055776892433,0.23800000000000004,2.204081632653061,60.0,0.6394366197183098,"{""Information Technology"": 0.29040404040404033, ""Communication"": 0.26515151515151514}",first_order,1,min_adv20_usd,20000000.0,,,min_adv20_usd:50000000.0->20000000.0
tech_heavy_pullback_balanced_focused_qqq_breadth__adv20m,0.0,2023+,tech_heavy_pullback,tech_heavy,universe,universe_cross_sectional,20000000.0,False,"[""Information Technology"", ""Communication""]",[],balanced_pullback,12,0.1,0.4,0.05,qqq_breadth,QQQ,broad,[],0.6,0.0,Sector proxy only: Information Technology + Communication; no sub-industry data available,2023-01-03,2026-04-02,2.323534898802447,0.448010531748096,-0.19817080986078428,0.23955121823096379,1.6711468577192121,2.356040555315655,2.260729176324329,3.421329113924051,11.712658227848102,8.23558282208589,0.7705453698324538,0.6915515835631194,1.119035505697532,0.14471676650073745,-0.13770452619222162,0.448010531748096,0.7705453698324538,0.1930564258829765,0.18991420954546714,0.6915515835631194,1.119035505697532,0.14471676650073745,0.18691623073684813,0.19431739858344074,0.21791200995254653,1.0,2.8861055776892433,0.23800000000000004,2.204081632653061,60.0,0.6394366197183098,"{""Information Technology"": 0.29040404040404033, ""Communication"": 0.26515151515151514}",first_order,1,min_adv20_usd,20000000.0,,,min_adv20_usd:50000000.0->20000000.0
tech_heavy_pullback_balanced_focused_qqq_breadth__adv20m,5.0,Full Sample,tech_heavy_pullback,tech_heavy,universe,universe_cross_sectional,20000000.0,False,"[""Information Technology"", ""Communication""]",[],balanced_pullback,12,0.1,0.4,0.05,qqq_breadth,QQQ,broad,[],0.6,0.0,Sector proxy only: Information Technology + Communication; no sub-industry data available,2018-01-02,2026-04-02,3.9361956818961827,0.21362407766995162,-0.31101429965073946,0.22598207370290105,0.9719151076682561,1.1494976173554874,0.6868625587628788,2.8861055776892433,8.973605577689243,6.243008678881389,0.5255293743010455,0.11766856671026746,0.6404127756945086,0.14323013415118685,-0.13850363889430628,0.44553909583748563,0.5255293743010455,0.1177805044045182,0.2194427297929293,0.11766856671026746,0.6404127756945086,0.14323013415118685,0.06895528177552333,0.054929915431056874,0.216310706204783,0.8521607278241091,2.8861055776892433,0.23800000000000004,2.204081632653061,60.0,0.6394366197183098,"{""Information Technology"": 0.29040404040404033, ""Communication"": 0.26515151515151514}",first_order,1,min_adv20_usd,20000000.0,,,min_adv20_usd:50000000.0->20000000.0
tech_heavy_pullback_balanced_focused_qqq_breadth__adv20m,5.0,OOS Sample,tech_heavy_pullback,tech_heavy,universe,universe_cross_sectional,20000000.0,False,"[""Information Technology"", ""Communication""]",[],balanced_pullback,12,0.1,0.4,0.05,qqq_breadth,QQQ,broad,[],0.6,0.0,Sector proxy only: Information Technology + Communication; no sub-industry data available,2022-01-03,2026-04-02,1.847388814740575,0.2796411089791744,-0.19835284956222277,0.21463598052266947,1.2603420782376868,1.6072188577257365,1.4098164437584835,3.0516048387096784,9.661451612903226,6.675422138836773,0.46557417005488244,0.6533518445991597,0.9135384401216619,0.2013737459326576,-0.13850363889430628,0.44553909583748563,0.46557417005488244,0.21247187920314245,0.2232262797840149,0.6533518445991597,0.9135384401216619,0.2013737459326576,0.17039360394249362,0.17277019059914933,0.21631070620478185,1.0,2.8861055776892433,0.23800000000000004,2.204081632653061,60.0,0.6394366197183098,"{""Information Technology"": 0.29040404040404033, ""Communication"": 0.26515151515151514}",first_order,1,min_adv20_usd,20000000.0,,,min_adv20_usd:50000000.0->20000000.0
tech_heavy_pullback_balanced_focused_qqq_breadth__adv20m,5.0,2022,tech_heavy_pullback,tech_heavy,universe,universe_cross_sectional,20000000.0,False,"[""Information Technology"", ""Communication""]",[],balanced_pullback,12,0.1,0.4,0.05,qqq_breadth,QQQ,broad,[],0.6,0.0,Sector proxy only: Information Technology + Communication; no sub-industry data available,2022-01-03,2022-12-30,-0.13850363889430628,-0.14001436746964446,-0.1473480842578786,0.09180099395573227,-1.5839632551079157,-1.0117157222828732,-0.9502286247889103,1.8717797783933523,3.0353185595567864,1.6095617529880477,0.08200118712067261,0.6458386279364461,0.0,0.23101255901892442,-0.13850363889430628,0.44553909583748563,0.08200118712067261,-0.11720587981364965,0.3074003223282114,0.6458386279364461,0.0,0.23101255901892442,,,,,2.8861055776892433,0.23800000000000004,2.204081632653061,60.0,0.6394366197183098,"{""Information Technology"": 0.29040404040404033, ""Communication"": 0.26515151515151514}",first_order,1,min_adv20_usd,20000000.0,,,min_adv20_usd:50000000.0->20000000.0
tech_heavy_pullback_balanced_focused_qqq_breadth__adv20m,5.0,2023+,tech_heavy_pullback,tech_heavy,universe,universe_cross_sectional,20000000.0,False,"[""Information Technology"", ""Communication""]",[],balanced_pullback,12,0.1,0.4,0.05,qqq_breadth,QQQ,broad,[],0.6,0.0,Sector proxy only: Information Technology + Communication; no sub-industry data available,2023-01-03,2026-04-02,2.3051663864094167,0.44553909583748563,-0.19835284956222277,0.2395508998140513,1.6639853671986555,2.3447783068110373,2.2461945811255974,3.421329113924051,11.712658227848102,8.23558282208589,0.7705128703493631,0.6824927525397191,1.1158230658854038,0.14977170091373965,-0.13850363889430628,0.44553909583748563,0.7705128703493631,0.19134909429258212,0.18992054970595534,0.6824927525397191,1.1158230658854038,0.14977170091373965,0.18528478222038233,0.19272902676791953,0.21631070620478152,1.0,2.8861055776892433,0.23800000000000004,2.204081632653061,60.0,0.6394366197183098,"{""Information Technology"": 0.29040404040404033, ""Communication"": 0.26515151515151514}",first_order,1,min_adv20_usd,20000000.0,,,min_adv20_usd:50000000.0->20000000.0
