strategy,cost_bps_one_way,period,family,universe,normalization,normalization_label,min_adv20_usd,leadership_filter,sector_whitelist,symbol_whitelist,score_template,holdings_count,single_name_cap,sector_cap,hold_bonus,regime_name,benchmark_symbol,breadth_mode,breadth_symbols,soft_defense_exposure,hard_defense_exposure,notes,candidate_label,config_name,risk_on_target_exposure,geometry_note,Start,End,Total Return,CAGR,Max Drawdown,Volatility,Sharpe,Sortino,Calmar,Turnover/Year,Rebalances/Year,Average Names Held,Beta vs QQQ,Information Ratio vs QQQ,Up Capture vs QQQ,Down Capture vs QQQ,2022 Return,2023+ CAGR,beta_vs_qqq,alpha_ann_vs_qqq,tracking_error_vs_qqq,information_ratio_vs_qqq,up_capture_vs_qqq,down_capture_vs_qqq,rolling_36m_alpha_mean,rolling_36m_alpha_median,rolling_36m_alpha_last,rolling_36m_alpha_positive_ratio,annual_turnover,average_monthly_turnover,average_names_replaced_per_rebalance,median_holding_duration_days,top5_continuity,avg_sector_weights_json
center_current,0.0,Full Sample,tech_heavy_pullback,tech_heavy,universe,universe_cross_sectional,50000000.0,False,"[""Information Technology"", ""Communication""]",[],balanced_pullback,12,0.1,0.4,0.05,qqq_breadth,QQQ,broad,[],0.6,0.0,Sector proxy only: Information Technology + Communication; no sub-industry data available,center_current,tech_heavy_pullback_balanced_focused_qqq_breadth,1.0,Current center spec; risk_on target=100% but two-sector + 40% sector cap implies theoretical 80% stock max,2018-01-02,2026-04-02,4.593374815183062,0.2321586594395597,-0.32496248631596647,0.22801433836461307,1.0319095616799048,1.2370673286244684,0.7144167995250625,2.95886454183267,9.094870517928285,6.397299903567984,0.5394039155424969,0.1903168970720254,0.6758393069813298,0.1299959880180234,-0.11327370427690042,0.48864765932588683,0.5394039155424969,0.13074621549442145,0.21793286046503504,0.1903168970720254,0.6758393069813298,0.1299959880180234,0.07535620237475578,0.05583104661307024,0.25447278174573307,0.8453373768006065,2.95886454183267,0.24400000000000002,2.2551020408163267,58.0,0.6416666666666666,"{""Information Technology"": 0.2939393939393939, ""Communication"": 0.26565656565656565}"
center_current,0.0,OOS Sample,tech_heavy_pullback,tech_heavy,universe,universe_cross_sectional,50000000.0,False,"[""Information Technology"", ""Communication""]",[],balanced_pullback,12,0.1,0.4,0.05,qqq_breadth,QQQ,broad,[],0.6,0.0,Sector proxy only: Information Technology + Communication; no sub-industry data available,center_current,tech_heavy_pullback_balanced_focused_qqq_breadth,1.0,Current center spec; risk_on target=100% but two-sector + 40% sector cap implies theoretical 80% stock max,2022-01-03,2026-04-02,2.2239448174535363,0.3176470010321506,-0.18394852146593377,0.21839830270127816,1.3769175425773192,1.8035736348759266,1.7268255189046302,3.1576451612903234,9.661451612903226,6.975609756097561,0.4963809881598316,0.8027616244094791,0.9836325670085398,0.17538044676876438,-0.11327370427690042,0.48864765932588683,0.4963809881598316,0.2388328985842633,0.21930169176861297,0.8027616244094791,0.9836325670085398,0.17538044676876438,0.19149953814737217,0.18820627412804525,0.25447278174573396,1.0,2.95886454183267,0.24400000000000002,2.2551020408163267,58.0,0.6416666666666666,"{""Information Technology"": 0.2939393939393939, ""Communication"": 0.26565656565656565}"
center_current,0.0,2022,tech_heavy_pullback,tech_heavy,universe,universe_cross_sectional,50000000.0,False,"[""Information Technology"", ""Communication""]",[],balanced_pullback,12,0.1,0.4,0.05,qqq_breadth,QQQ,broad,[],0.6,0.0,Sector proxy only: Information Technology + Communication; no sub-industry data available,center_current,tech_heavy_pullback_balanced_focused_qqq_breadth,1.0,Current center spec; risk_on target=100% but two-sector + 40% sector cap implies theoretical 80% stock max,2022-01-03,2022-12-30,-0.11327370427690042,-0.11452781774452292,-0.1473480842578787,0.11330335044007309,-1.008333081870156,-0.8390852976309747,-0.7772603106538123,2.124722991689751,4.0470914127423825,2.5179282868525896,0.1362807758789262,0.7754908371515763,0.0,0.1838741129110281,-0.11327370427690042,0.48864765932588683,0.1362807758789262,-0.0673750414277307,0.2961904252095624,0.7754908371515763,0.0,0.1838741129110281,,,,,2.95886454183267,0.24400000000000002,2.2551020408163267,58.0,0.6416666666666666,"{""Information Technology"": 0.2939393939393939, ""Communication"": 0.26565656565656565}"
center_current,0.0,2023+,tech_heavy_pullback,tech_heavy,universe,universe_cross_sectional,50000000.0,False,"[""Information Technology"", ""Communication""]",[],balanced_pullback,12,0.1,0.4,0.05,qqq_breadth,QQQ,broad,[],0.6,0.0,Sector proxy only: Information Technology + Communication; no sub-industry data available,center_current,tech_heavy_pullback_balanced_focused_qqq_breadth,1.0,Current center spec; risk_on target=100% but two-sector + 40% sector cap implies theoretical 80% stock max,2023-01-03,2026-04-02,2.6357834802051356,0.48864765932588683,-0.183948521465934,0.2411610247735876,1.7768840321541206,2.5318919566129208,2.6564370043951726,3.4829746835443047,11.404430379746836,8.348466257668711,0.7827213181683564,0.8421553321121669,1.201437533508592,0.160592749760269,-0.11327370427690042,0.48864765932588683,0.7827213181683564,0.2179710945541703,0.1894250755535276,0.8421553321121669,1.201437533508592,0.160592749760269,0.2181653617503637,0.2265668590964774,0.2544727817457332,1.0,2.95886454183267,0.24400000000000002,2.2551020408163267,58.0,0.6416666666666666,"{""Information Technology"": 0.2939393939393939, ""Communication"": 0.26565656565656565}"
center_current,5.0,Full Sample,tech_heavy_pullback,tech_heavy,universe,universe_cross_sectional,50000000.0,False,"[""Information Technology"", ""Communication""]",[],balanced_pullback,12,0.1,0.4,0.05,qqq_breadth,QQQ,broad,[],0.6,0.0,Sector proxy only: Information Technology + Communication; no sub-industry data available,center_current,tech_heavy_pullback_balanced_focused_qqq_breadth,1.0,Current center spec; risk_on target=100% but two-sector + 40% sector cap implies theoretical 80% stock max,2018-01-02,2026-04-02,4.52577601428643,0.230343208703087,-0.3275691692317261,0.2279969587120907,1.0254865869181704,1.2292045082499627,0.7031895255689941,2.95886454183267,9.094870517928285,6.397299903567984,0.5393898203423443,0.18352722368445723,0.6730085517573238,0.13224041844355156,-0.11420526158137101,0.4860629363265818,0.5393898203423443,0.12926659439853755,0.21791836671229906,0.18352722368445723,0.6730085517573238,0.13224041844355156,0.07368312096939453,0.054345780372579894,0.2528938331036884,0.8407884761182715,2.95886454183267,0.24400000000000002,2.2551020408163267,58.0,0.6416666666666666,"{""Information Technology"": 0.2939393939393939, ""Communication"": 0.26565656565656565}"
center_current,5.0,OOS Sample,tech_heavy_pullback,tech_heavy,universe,universe_cross_sectional,50000000.0,False,"[""Information Technology"", ""Communication""]",[],balanced_pullback,12,0.1,0.4,0.05,qqq_breadth,QQQ,broad,[],0.6,0.0,Sector proxy only: Information Technology + Communication; no sub-industry data available,center_current,tech_heavy_pullback_balanced_focused_qqq_breadth,1.0,Current center spec; risk_on target=100% but two-sector + 40% sector cap implies theoretical 80% stock max,2022-01-03,2026-04-02,2.20245135974008,0.3155716776716817,-0.1841129708630962,0.21839400709387893,1.3696922975287686,1.792701861378311,1.7140111106367206,3.1576451612903234,9.661451612903226,6.975609756097561,0.4963659717634555,0.7955412624658633,0.9806460875375209,0.17786398212578686,-0.11420526158137101,0.4860629363265818,0.4963659717634555,0.23725090575489768,0.21930115461714675,0.7955412624658633,0.9806460875375209,0.17786398212578686,0.1898364332948114,0.18649035340185524,0.25289383310368924,1.0,2.95886454183267,0.24400000000000002,2.2551020408163267,58.0,0.6416666666666666,"{""Information Technology"": 0.2939393939393939, ""Communication"": 0.26565656565656565}"
center_current,5.0,2022,tech_heavy_pullback,tech_heavy,universe,universe_cross_sectional,50000000.0,False,"[""Information Technology"", ""Communication""]",[],balanced_pullback,12,0.1,0.4,0.05,qqq_breadth,QQQ,broad,[],0.6,0.0,Sector proxy only: Information Technology + Communication; no sub-industry data available,center_current,tech_heavy_pullback_balanced_focused_qqq_breadth,1.0,Current center spec; risk_on target=100% but two-sector + 40% sector cap implies theoretical 80% stock max,2022-01-03,2022-12-30,-0.11420526158137101,-0.11546900328424914,-0.1473480842578786,0.11330883483615634,-1.0175879045010994,-0.8350170735984558,-0.783647808288862,2.124722991689751,4.0470914127423825,2.5179282868525896,0.13627195286881835,0.7719182367717404,-0.001120925113252058,0.18503775014128274,-0.11420526158137101,0.4860629363265818,0.13627195286881835,-0.06843225928497106,0.29619558995174006,0.7719182367717404,-0.001120925113252058,0.18503775014128274,,,,,2.95886454183267,0.24400000000000002,2.2551020408163267,58.0,0.6416666666666666,"{""Information Technology"": 0.2939393939393939, ""Communication"": 0.26565656565656565}"
center_current,5.0,2023+,tech_heavy_pullback,tech_heavy,universe,universe_cross_sectional,50000000.0,False,"[""Information Technology"", ""Communication""]",[],balanced_pullback,12,0.1,0.4,0.05,qqq_breadth,QQQ,broad,[],0.6,0.0,Sector proxy only: Information Technology + Communication; no sub-industry data available,center_current,tech_heavy_pullback_balanced_focused_qqq_breadth,1.0,Current center spec; risk_on target=100% but two-sector + 40% sector cap implies theoretical 80% stock max,2023-01-03,2026-04-02,2.615342495099122,0.4860629363265818,-0.18411297086309641,0.24115659895957944,1.769672412342374,2.5202546142096662,2.640025491131805,3.4829746835443047,11.404430379746836,8.348466257668711,0.782711254677684,0.8329482937506147,1.1980379658397788,0.1653742626047279,-0.11420526158137101,0.4860629363265818,0.782711254677684,0.21622680766585206,0.18942153400384018,0.8329482937506147,1.1980379658397788,0.1653742626047279,0.2165168479564765,0.22496940824159473,0.2528938331036885,1.0,2.95886454183267,0.24400000000000002,2.2551020408163267,58.0,0.6416666666666666,"{""Information Technology"": 0.2939393939393939, ""Communication"": 0.26565656565656565}"
local_stable_neighbor,0.0,Full Sample,tech_heavy_pullback,tech_heavy,universe,universe_cross_sectional,50000000.0,False,"[""Information Technology"", ""Communication""]",[],balanced_pullback,12,0.08,0.4,0.05,qqq_breadth,QQQ,broad,[],0.6,0.0,Sector proxy only: Information Technology + Communication; no sub-industry data available,local_stable_neighbor,tech_heavy_pullback_balanced_focused_qqq_breadth__single_name_cap_0p08,1.0,Current local stable neighbor from v1.1; single cap lowered from 10% to 8%,2018-01-02,2026-04-02,3.5561277816871755,0.20188964076072136,-0.2661093252409854,0.19224356113866878,1.0550890499440602,1.2471612836035295,0.75867179993746,2.364666334661355,9.094870517928285,6.397299903567984,0.4658615929107409,0.04462790362142938,0.5746358888096748,0.09457164642134509,-0.09541698362822104,0.4338705529754201,0.4658615929107409,0.11254363798716256,0.20212031851982987,0.04462790362142938,0.5746358888096748,0.09457164642134509,0.06247027855176803,0.04359456987095714,0.23492021298107654,0.8278999241849886,2.364666334661355,0.19500000000000003,2.2551020408163267,58.0,0.6416666666666666,"{""Information Technology"": 0.247070707070707, ""Communication"": 0.21878787878787878}"
local_stable_neighbor,0.0,OOS Sample,tech_heavy_pullback,tech_heavy,universe,universe_cross_sectional,50000000.0,False,"[""Information Technology"", ""Communication""]",[],balanced_pullback,12,0.08,0.4,0.05,qqq_breadth,QQQ,broad,[],0.6,0.0,Sector proxy only: Information Technology + Communication; no sub-industry data available,local_stable_neighbor,tech_heavy_pullback_balanced_focused_qqq_breadth__single_name_cap_0p08,1.0,Current local stable neighbor from v1.1; single cap lowered from 10% to 8%,2022-01-03,2026-04-02,1.912205183241606,0.2864462967455761,-0.1636756737847782,0.18584872302914557,1.4532253374901347,1.8987022487315315,1.750084726226528,2.5072645161290326,9.661451612903226,6.975609756097561,0.42493171649402584,0.703347769971059,0.8534831168193608,0.1140673056451307,-0.09541698362822104,0.4338705529754201,0.42493171649402584,0.21710406054087483,0.2067406872044836,0.703347769971059,0.8534831168193608,0.1140673056451307,0.16953443479701902,0.16534416653767295,0.23492021298107718,1.0,2.364666334661355,0.19500000000000003,2.2551020408163267,58.0,0.6416666666666666,"{""Information Technology"": 0.247070707070707, ""Communication"": 0.21878787878787878}"
local_stable_neighbor,0.0,2022,tech_heavy_pullback,tech_heavy,universe,universe_cross_sectional,50000000.0,False,"[""Information Technology"", ""Communication""]",[],balanced_pullback,12,0.08,0.4,0.05,qqq_breadth,QQQ,broad,[],0.6,0.0,Sector proxy only: Information Technology + Communication; no sub-industry data available,local_stable_neighbor,tech_heavy_pullback_balanced_focused_qqq_breadth__single_name_cap_0p08,1.0,Current local stable neighbor from v1.1; single cap lowered from 10% to 8%,2022-01-03,2022-12-30,-0.09541698362822104,-0.09648430038636457,-0.11937869659588174,0.10116112600238021,-0.9444830600843123,-0.8256436287898881,-0.8082204207085725,1.8009556786703607,4.0470914127423825,2.5179282868525896,0.12398338386452391,0.8389788343111515,0.0,0.15438718933469434,-0.09541698362822104,0.4338705529754201,0.12398338386452391,-0.052902065620020124,0.2960688605370384,0.8389788343111515,0.0,0.15438718933469434,,,,,2.364666334661355,0.19500000000000003,2.2551020408163267,58.0,0.6416666666666666,"{""Information Technology"": 0.247070707070707, ""Communication"": 0.21878787878787878}"
local_stable_neighbor,0.0,2023+,tech_heavy_pullback,tech_heavy,universe,universe_cross_sectional,50000000.0,False,"[""Information Technology"", ""Communication""]",[],balanced_pullback,12,0.08,0.4,0.05,qqq_breadth,QQQ,broad,[],0.6,0.0,Sector proxy only: Information Technology + Communication; no sub-industry data available,local_stable_neighbor,tech_heavy_pullback_balanced_focused_qqq_breadth__single_name_cap_0p08,1.0,Current local stable neighbor from v1.1; single cap lowered from 10% to 8%,2023-01-03,2026-04-02,2.2193896309509102,0.4338705529754201,-0.16367567378477832,0.20447924518474944,1.8715034564010362,2.6522010559198463,2.6507943602292943,2.7308987341772157,11.404430379746836,8.348466257668711,0.6639682953616504,0.6688792523774243,1.042469195465115,0.04386932359210246,-0.09541698362822104,0.4338705529754201,0.6639682953616504,0.20408289079221287,0.16997653468315632,0.6688792523774243,1.042469195465115,0.04386932359210246,0.2028293626677736,0.21067616477448184,0.23492021298107668,1.0,2.364666334661355,0.19500000000000003,2.2551020408163267,58.0,0.6416666666666666,"{""Information Technology"": 0.247070707070707, ""Communication"": 0.21878787878787878}"
local_stable_neighbor,5.0,Full Sample,tech_heavy_pullback,tech_heavy,universe,universe_cross_sectional,50000000.0,False,"[""Information Technology"", ""Communication""]",[],balanced_pullback,12,0.08,0.4,0.05,qqq_breadth,QQQ,broad,[],0.6,0.0,Sector proxy only: Information Technology + Communication; no sub-industry data available,local_stable_neighbor,tech_heavy_pullback_balanced_focused_qqq_breadth__single_name_cap_0p08,1.0,Current local stable neighbor from v1.1; single cap lowered from 10% to 8%,2018-01-02,2026-04-02,3.5120502910446607,0.20047360531669822,-0.26836001994685865,0.19222934994219013,1.0490042703195785,1.2399954524402432,0.7470323088975642,2.364666334661355,9.094870517928285,6.397299903567984,0.46586197307392224,0.03876931837658004,0.5723520961215851,0.09630945558453634,-0.0962225707211738,0.4319190511353015,0.46586197307392224,0.11135889699671832,0.2021066945046462,0.03876931837658004,0.5723520961215851,0.09630945558453634,0.06113881546615169,0.04226562433883231,0.23369858838999247,0.8218347232752085,2.364666334661355,0.19500000000000003,2.2551020408163267,58.0,0.6416666666666666,"{""Information Technology"": 0.247070707070707, ""Communication"": 0.21878787878787878}"
local_stable_neighbor,5.0,OOS Sample,tech_heavy_pullback,tech_heavy,universe,universe_cross_sectional,50000000.0,False,"[""Information Technology"", ""Communication""]",[],balanced_pullback,12,0.08,0.4,0.05,qqq_breadth,QQQ,broad,[],0.6,0.0,Sector proxy only: Information Technology + Communication; no sub-industry data available,local_stable_neighbor,tech_heavy_pullback_balanced_focused_qqq_breadth__single_name_cap_0p08,1.0,Current local stable neighbor from v1.1; single cap lowered from 10% to 8%,2022-01-03,2026-04-02,1.8967836903515383,0.2848377435877123,-0.16377679463430528,0.1858418554535311,1.4465118020242989,1.8886846728067557,1.7391825516168038,2.5072645161290326,9.661451612903226,6.975609756097561,0.4249201037022896,0.6972750849744276,0.8510838676551362,0.11598569043876154,-0.0962225707211738,0.4319190511353015,0.4249201037022896,0.21584787227897417,0.20673758232782755,0.6972750849744276,0.8510838676551362,0.11598569043876154,0.16823131252528947,0.16397650213784246,0.23369858838999316,1.0,2.364666334661355,0.19500000000000003,2.2551020408163267,58.0,0.6416666666666666,"{""Information Technology"": 0.247070707070707, ""Communication"": 0.21878787878787878}"
local_stable_neighbor,5.0,2022,tech_heavy_pullback,tech_heavy,universe,universe_cross_sectional,50000000.0,False,"[""Information Technology"", ""Communication""]",[],balanced_pullback,12,0.08,0.4,0.05,qqq_breadth,QQQ,broad,[],0.6,0.0,Sector proxy only: Information Technology + Communication; no sub-industry data available,local_stable_neighbor,tech_heavy_pullback_balanced_focused_qqq_breadth__single_name_cap_0p08,1.0,Current local stable neighbor from v1.1; single cap lowered from 10% to 8%,2022-01-03,2022-12-30,-0.0962225707211738,-0.09729840556710967,-0.11937869659588152,0.1011671901474457,-0.9532588136972264,-0.8190879190667716,-0.8150399387964703,1.8009556786703607,4.0470914127423825,2.5179282868525896,0.12398950872193787,0.8359609635440062,-0.001120925113252058,0.1553051705711186,-0.0962225707211738,0.4319190511353015,0.12398950872193787,-0.053793504850370606,0.29606880281011283,0.8359609635440062,-0.001120925113252058,0.1553051705711186,,,,,2.364666334661355,0.19500000000000003,2.2551020408163267,58.0,0.6416666666666666,"{""Information Technology"": 0.247070707070707, ""Communication"": 0.21878787878787878}"
local_stable_neighbor,5.0,2023+,tech_heavy_pullback,tech_heavy,universe,universe_cross_sectional,50000000.0,False,"[""Information Technology"", ""Communication""]",[],balanced_pullback,12,0.08,0.4,0.05,qqq_breadth,QQQ,broad,[],0.6,0.0,Sector proxy only: Information Technology + Communication; no sub-industry data available,local_stable_neighbor,tech_heavy_pullback_balanced_focused_qqq_breadth__single_name_cap_0p08,1.0,Current local stable neighbor from v1.1; single cap lowered from 10% to 8%,2023-01-03,2026-04-02,2.2051958773334692,0.4319190511353015,-0.16377679463430506,0.20447119714720657,1.8648780492043857,2.6417095132197286,2.637242059229011,2.7308987341772157,11.404430379746836,8.348466257668711,0.6639492265361373,0.6608411448789272,1.0397868880366188,0.047529437392078405,-0.0962225707211738,0.4319190511353015,0.6639492265361373,0.20271825324130777,0.1699712728843302,0.6608411448789272,1.0397868880366188,0.047529437392078405,0.2015657526451182,0.20945096420442405,0.23369858838999252,1.0,2.364666334661355,0.19500000000000003,2.2551020408163267,58.0,0.6416666666666666,"{""Information Technology"": 0.247070707070707, ""Communication"": 0.21878787878787878}"
explicit_cash_buffer_control,0.0,Full Sample,tech_heavy_pullback,tech_heavy,universe,universe_cross_sectional,50000000.0,False,"[""Information Technology"", ""Communication""]",[],balanced_pullback,12,0.1,0.4,0.05,qqq_breadth,QQQ,broad,[],0.6,0.0,Sector proxy only: Information Technology + Communication; no sub-industry data available,explicit_cash_buffer_control,tech_heavy_pullback_balanced_focused_qqq_breadth__explicit_cash_buffer_control,0.8,Make the accidental 80% risk_on stock cap explicit while keeping the same two-sector geometry,2018-01-02,2026-04-02,3.3059199494030604,0.19368564106689856,-0.3159996799683372,0.20826039467869611,0.9564416338382448,1.1276066981051682,0.6129298646324757,2.7102714143426296,9.21613545816733,8.736740597878496,0.5150233438560772,0.02633486540517992,0.6113683551454661,0.19039113530906945,-0.12654291786773586,0.3977702197572006,0.5150233438560772,0.09937024464201347,0.20410364293744807,0.02633486540517992,0.6113683551454661,0.19039113530906945,0.04765199828239958,0.04176614722613616,0.19857180462195378,0.8028809704321456,2.7102714143426296,0.2235,2.795918367346939,61.0,0.6472222222222221,"{""Information Technology"": 0.2939393939393939, ""Communication"": 0.2656565656565656}"
explicit_cash_buffer_control,0.0,OOS Sample,tech_heavy_pullback,tech_heavy,universe,universe_cross_sectional,50000000.0,False,"[""Information Technology"", ""Communication""]",[],balanced_pullback,12,0.1,0.4,0.05,qqq_breadth,QQQ,broad,[],0.6,0.0,Sector proxy only: Information Technology + Communication; no sub-industry data available,explicit_cash_buffer_control,tech_heavy_pullback_balanced_focused_qqq_breadth__explicit_cash_buffer_control,0.8,Make the accidental 80% risk_on stock cap explicit while keeping the same two-sector geometry,2022-01-03,2026-04-02,1.588729168438527,0.25124358100518474,-0.17720935857000109,0.1972139067807964,1.2393507578325915,1.5716133840646818,1.4177782879674423,3.083024193548388,9.89709677419355,9.151969981238274,0.46579254024260064,0.5799698106623782,0.8425426704111888,0.2119502056636243,-0.12654291786773586,0.3977702197572006,0.46579254024260064,0.18634709479892989,0.2064723554292601,0.5799698106623782,0.8425426704111888,0.2119502056636243,0.11923826302526912,0.10639703914153478,0.19857180462195448,1.0,2.7102714143426296,0.2235,2.795918367346939,61.0,0.6472222222222221,"{""Information Technology"": 0.2939393939393939, ""Communication"": 0.2656565656565656}"
explicit_cash_buffer_control,0.0,2022,tech_heavy_pullback,tech_heavy,universe,universe_cross_sectional,50000000.0,False,"[""Information Technology"", ""Communication""]",[],balanced_pullback,12,0.1,0.4,0.05,qqq_breadth,QQQ,broad,[],0.6,0.0,Sector proxy only: Information Technology + Communication; no sub-industry data available,explicit_cash_buffer_control,tech_heavy_pullback_balanced_focused_qqq_breadth__explicit_cash_buffer_control,0.8,Make the accidental 80% risk_on stock cap explicit while keeping the same two-sector geometry,2022-01-03,2022-12-30,-0.12654291786773586,-0.1279330732177888,-0.15833929130315183,0.1182105899021687,-1.0895433403143753,-0.8222442647446078,-0.8079679539101374,2.023545706371192,4.0470914127423825,2.8207171314741037,0.14115144312887773,0.7258228062262594,0.0,0.2057856550563641,-0.12654291786773586,0.3977702197572006,0.14115144312887773,-0.08024786625591872,0.2964152056251174,0.7258228062262594,0.0,0.2057856550563641,,,,,2.7102714143426296,0.2235,2.795918367346939,61.0,0.6472222222222221,"{""Information Technology"": 0.2939393939393939, ""Communication"": 0.2656565656565656}"
explicit_cash_buffer_control,0.0,2023+,tech_heavy_pullback,tech_heavy,universe,universe_cross_sectional,50000000.0,False,"[""Information Technology"", ""Communication""]",[],balanced_pullback,12,0.1,0.4,0.05,qqq_breadth,QQQ,broad,[],0.6,0.0,Sector proxy only: Information Technology + Communication; no sub-industry data available,explicit_cash_buffer_control,tech_heavy_pullback_balanced_focused_qqq_breadth__explicit_cash_buffer_control,0.8,Make the accidental 80% risk_on stock cap explicit while keeping the same two-sector geometry,2023-01-03,2026-04-02,1.9637737461799278,0.3977702197572006,-0.17720935857000109,0.2152795666129559,1.6692600405633908,2.3205126873455053,2.2446343859434137,3.416191983122363,11.712658227848102,11.101840490797546,0.7241167806082731,0.5335521578307736,1.0291062148268346,0.2226828510309879,-0.12654291786773586,0.3977702197572006,0.7241167806082731,0.1645775235401546,0.1693700233155373,0.5335521578307736,1.0291062148268346,0.2226828510309879,0.162237190143495,0.17185689051595793,0.19857180462195384,1.0,2.7102714143426296,0.2235,2.795918367346939,61.0,0.6472222222222221,"{""Information Technology"": 0.2939393939393939, ""Communication"": 0.2656565656565656}"
explicit_cash_buffer_control,5.0,Full Sample,tech_heavy_pullback,tech_heavy,universe,universe_cross_sectional,50000000.0,False,"[""Information Technology"", ""Communication""]",[],balanced_pullback,12,0.1,0.4,0.05,qqq_breadth,QQQ,broad,[],0.6,0.0,Sector proxy only: Information Technology + Communication; no sub-industry data available,explicit_cash_buffer_control,tech_heavy_pullback_balanced_focused_qqq_breadth__explicit_cash_buffer_control,0.8,Make the accidental 80% risk_on stock cap explicit while keeping the same two-sector geometry,2018-01-02,2026-04-02,3.258175333898933,0.19207273506778888,-0.3169971687107589,0.20824971087859692,0.949970592143436,1.1200333897221548,0.6059130933218014,2.7102714143426296,9.21613545816733,8.736740597878496,0.5150324557351398,0.019683605968326755,0.6087640661005994,0.19239941464578383,-0.12741803119520678,0.39538704664377144,0.5150324557351398,0.0980106676402179,0.2040901945852315,0.019683605968326755,0.6087640661005994,0.19239941464578383,0.046139533251515964,0.040399919162057464,0.19700988978556147,0.7937831690674754,2.7102714143426296,0.2235,2.795918367346939,61.0,0.6472222222222221,"{""Information Technology"": 0.2939393939393939, ""Communication"": 0.2656565656565656}"
explicit_cash_buffer_control,5.0,OOS Sample,tech_heavy_pullback,tech_heavy,universe,universe_cross_sectional,50000000.0,False,"[""Information Technology"", ""Communication""]",[],balanced_pullback,12,0.1,0.4,0.05,qqq_breadth,QQQ,broad,[],0.6,0.0,Sector proxy only: Information Technology + Communication; no sub-industry data available,explicit_cash_buffer_control,tech_heavy_pullback_balanced_focused_qqq_breadth__explicit_cash_buffer_control,0.8,Make the accidental 80% risk_on stock cap explicit while keeping the same two-sector geometry,2022-01-03,2026-04-02,1.5718575076034096,0.24931713805609323,-0.17735441237777672,0.19721694447881044,1.2314903782415905,1.5610943021580534,1.40575661306374,3.083024193548388,9.89709677419355,9.151969981238274,0.4658005195009225,0.572477826112081,0.8396056630944909,0.2143197120038121,-0.12741803119520678,0.39538704664377144,0.4658005195009225,0.1847996647569634,0.20647314572169384,0.572477826112081,0.8396056630944909,0.2143197120038121,0.11759609428557663,0.10468281400727535,0.19700988978556214,1.0,2.7102714143426296,0.2235,2.795918367346939,61.0,0.6472222222222221,"{""Information Technology"": 0.2939393939393939, ""Communication"": 0.2656565656565656}"
explicit_cash_buffer_control,5.0,2022,tech_heavy_pullback,tech_heavy,universe,universe_cross_sectional,50000000.0,False,"[""Information Technology"", ""Communication""]",[],balanced_pullback,12,0.1,0.4,0.05,qqq_breadth,QQQ,broad,[],0.6,0.0,Sector proxy only: Information Technology + Communication; no sub-industry data available,explicit_cash_buffer_control,tech_heavy_pullback_balanced_focused_qqq_breadth__explicit_cash_buffer_control,0.8,Make the accidental 80% risk_on stock cap explicit while keeping the same two-sector geometry,2022-01-03,2022-12-30,-0.12741803119520678,-0.1288170747222711,-0.1583392913031515,0.11822637457223882,-1.0978899210596738,-0.8214155528174948,-0.8135509112241884,2.023545706371192,4.0470914127423825,2.8207171314741037,0.14114660300127455,0.7224162795666158,-0.001120925113252058,0.20686332476813496,-0.12741803119520678,0.39538704664377144,0.14114660300127455,-0.08125351503546197,0.296423181963281,0.7224162795666158,-0.001120925113252058,0.20686332476813496,,,,,2.7102714143426296,0.2235,2.795918367346939,61.0,0.6472222222222221,"{""Information Technology"": 0.2939393939393939, ""Communication"": 0.2656565656565656}"
explicit_cash_buffer_control,5.0,2023+,tech_heavy_pullback,tech_heavy,universe,universe_cross_sectional,50000000.0,False,"[""Information Technology"", ""Communication""]",[],balanced_pullback,12,0.1,0.4,0.05,qqq_breadth,QQQ,broad,[],0.6,0.0,Sector proxy only: Information Technology + Communication; no sub-industry data available,explicit_cash_buffer_control,tech_heavy_pullback_balanced_focused_qqq_breadth__explicit_cash_buffer_control,0.8,Make the accidental 80% risk_on stock cap explicit while keeping the same two-sector geometry,2023-01-03,2026-04-02,1.9474107872366218,0.39538704664377144,-0.1773544123777765,0.21528203906401153,1.661281557529077,2.3088470354578083,2.229361205863721,3.416191983122363,11.712658227848102,11.101840490797546,0.724145461876856,0.523446179802587,1.025767073891599,0.22730147904908696,-0.12741803119520678,0.39538704664377144,0.724145461876856,0.16285631163788716,0.16936649439828402,0.523446179802587,1.025767073891599,0.22730147904908696,0.16061047817656063,0.17024559326886485,0.19700988978556153,1.0,2.7102714143426296,0.2235,2.795918367346939,61.0,0.6472222222222221,"{""Information Technology"": 0.2939393939393939, ""Communication"": 0.2656565656565656}"
feasible_two_sector_50cap,0.0,Full Sample,tech_heavy_pullback,tech_heavy,universe,universe_cross_sectional,50000000.0,False,"[""Information Technology"", ""Communication""]",[],balanced_pullback,12,0.1,0.5,0.05,qqq_breadth,QQQ,broad,[],0.6,0.0,Sector proxy only: Information Technology + Communication; no sub-industry data available,feasible_two_sector_50cap,tech_heavy_pullback_balanced_focused_qqq_breadth__sector_cap_0p5,1.0,Keep two-sector theme but raise sector cap to 50% so 12 names can reach 100% risk_on,2018-01-02,2026-04-02,4.089753748368446,0.21814094623432223,-0.3916872106548066,0.25079759428129855,0.9142930182527644,1.0865783209922284,0.556926395093787,3.512641102257636,9.21613545816733,8.736740597878496,0.6068655073498821,0.15760028518263572,0.7218414761222139,0.2606997665560112,-0.16333207668447203,0.4374448996815963,0.6068655073498821,0.11168353678482253,0.2251811868235476,0.15760028518263572,0.7218414761222139,0.2606997665560112,0.052857163020521736,0.05964236139016799,0.2081831523159664,0.7831690674753601,3.512641102257636,0.2896666666666667,2.938775510204082,60.5,0.6472222222222221,"{""Information Technology"": 0.36262626262626263, ""Communication"": 0.3141414141414141}"
feasible_two_sector_50cap,0.0,OOS Sample,tech_heavy_pullback,tech_heavy,universe,universe_cross_sectional,50000000.0,False,"[""Information Technology"", ""Communication""]",[],balanced_pullback,12,0.1,0.5,0.05,qqq_breadth,QQQ,broad,[],0.6,0.0,Sector proxy only: Information Technology + Communication; no sub-industry data available,feasible_two_sector_50cap,tech_heavy_pullback_balanced_focused_qqq_breadth__sector_cap_0p5,1.0,Keep two-sector theme but raise sector cap to 50% so 12 names can reach 100% risk_on,2022-01-03,2026-04-02,1.715405233070035,0.2654093416134502,-0.21057833343740873,0.23538055683455375,1.1215607269265366,1.4076136587430315,1.2603829524196475,4.072733870967743,9.89709677419355,9.151969981238274,0.552782101981787,0.6253503480630758,0.9643118922144114,0.3122453152538129,-0.16333207668447203,0.4374448996815963,0.552782101981787,0.1950785356765658,0.2227936978378388,0.6253503480630758,0.9643118922144114,0.3122453152538129,0.12290079956079841,0.10987583902870121,0.20818315231596726,1.0,3.512641102257636,0.2896666666666667,2.938775510204082,60.5,0.6472222222222221,"{""Information Technology"": 0.36262626262626263, ""Communication"": 0.3141414141414141}"
feasible_two_sector_50cap,0.0,2022,tech_heavy_pullback,tech_heavy,universe,universe_cross_sectional,50000000.0,False,"[""Information Technology"", ""Communication""]",[],balanced_pullback,12,0.1,0.5,0.05,qqq_breadth,QQQ,broad,[],0.6,0.0,Sector proxy only: Information Technology + Communication; no sub-industry data available,feasible_two_sector_50cap,tech_heavy_pullback_balanced_focused_qqq_breadth__sector_cap_0p5,1.0,Keep two-sector theme but raise sector cap to 50% so 12 names can reach 100% risk_on,2022-01-03,2022-12-30,-0.16333207668447203,-0.165086759658853,-0.19459078962173604,0.1407693089837097,-1.2007385213647366,-0.8680282739212534,-0.8483791035524562,2.5800207756232694,4.0470914127423825,2.8207171314741037,0.16613756871509963,0.5877672480712288,0.0,0.2686002590279618,-0.16333207668447203,0.4374448996815963,0.16613756871509963,-0.11188569723507254,0.2975894726847146,0.5877672480712288,0.0,0.2686002590279618,,,,,3.512641102257636,0.2896666666666667,2.938775510204082,60.5,0.6472222222222221,"{""Information Technology"": 0.36262626262626263, ""Communication"": 0.3141414141414141}"
feasible_two_sector_50cap,0.0,2023+,tech_heavy_pullback,tech_heavy,universe,universe_cross_sectional,50000000.0,False,"[""Information Technology"", ""Communication""]",[],balanced_pullback,12,0.1,0.5,0.05,qqq_breadth,QQQ,broad,[],0.6,0.0,Sector proxy only: Information Technology + Communication; no sub-industry data available,feasible_two_sector_50cap,tech_heavy_pullback_balanced_focused_qqq_breadth__sector_cap_0p5,1.0,Keep two-sector theme but raise sector cap to 50% so 12 names can reach 100% risk_on,2023-01-03,2026-04-02,2.2454993879883567,0.4374448996815963,-0.20049735103569954,0.2570301697008363,1.545940480383265,2.133204973307984,2.181798898698203,4.541223628691983,11.712658227848102,11.101840490797546,0.8606444270943986,0.6615634765008561,1.177838697267358,0.3882325104856961,-0.16333207668447203,0.4374448996815963,0.8606444270943986,0.16584874013236095,0.1940305229881872,0.6615634765008561,1.177838697267358,0.3882325104856961,0.16411865210960633,0.17489663049467363,0.20818315231596646,1.0,3.512641102257636,0.2896666666666667,2.938775510204082,60.5,0.6472222222222221,"{""Information Technology"": 0.36262626262626263, ""Communication"": 0.3141414141414141}"
feasible_two_sector_50cap,5.0,Full Sample,tech_heavy_pullback,tech_heavy,universe,universe_cross_sectional,50000000.0,False,"[""Information Technology"", ""Communication""]",[],balanced_pullback,12,0.1,0.5,0.05,qqq_breadth,QQQ,broad,[],0.6,0.0,Sector proxy only: Information Technology + Communication; no sub-industry data available,feasible_two_sector_50cap,tech_heavy_pullback_balanced_focused_qqq_breadth__sector_cap_0p5,1.0,Keep two-sector theme but raise sector cap to 50% so 12 names can reach 100% risk_on,2018-01-02,2026-04-02,4.016758710879815,0.21600897156298338,-0.39446969236770413,0.2507835616840925,0.9073270196355456,1.0782611897659846,0.5475933278078841,3.512641102257636,9.21613545816733,8.736740597878496,0.606853874354322,0.1497937351321009,0.71850434537574,0.2633922979357888,-0.16440109123142688,0.4341876236208575,0.606853874354322,0.10992600357114785,0.22516850509031267,0.1497937351321009,0.71850434537574,0.2633922979357888,0.050880901423059746,0.05801304463014143,0.20607521609848597,0.775587566338135,3.512641102257636,0.2896666666666667,2.938775510204082,60.5,0.6472222222222221,"{""Information Technology"": 0.36262626262626263, ""Communication"": 0.3141414141414141}"
feasible_two_sector_50cap,5.0,OOS Sample,tech_heavy_pullback,tech_heavy,universe,universe_cross_sectional,50000000.0,False,"[""Information Technology"", ""Communication""]",[],balanced_pullback,12,0.1,0.5,0.05,qqq_breadth,QQQ,broad,[],0.6,0.0,Sector proxy only: Information Technology + Communication; no sub-industry data available,feasible_two_sector_50cap,tech_heavy_pullback_balanced_focused_qqq_breadth__sector_cap_0p5,1.0,Keep two-sector theme but raise sector cap to 50% so 12 names can reach 100% risk_on,2022-01-03,2026-04-02,1.6920488895385644,0.26283603042061765,-0.21265920912904945,0.23538509981922562,1.1128602366284936,1.3962780498951908,1.2359494399375812,4.072733870967743,9.89709677419355,9.151969981238274,0.5527815597381228,0.6161673690634095,0.9604697013506797,0.31544154694987914,-0.16440109123142688,0.4341876236208575,0.5527815597381228,0.193035732733707,0.2227986304333727,0.6161673690634095,0.9604697013506797,0.31544154694987914,0.12071628770009904,0.10776727002763213,0.20607521609848686,1.0,3.512641102257636,0.2896666666666667,2.938775510204082,60.5,0.6472222222222221,"{""Information Technology"": 0.36262626262626263, ""Communication"": 0.3141414141414141}"
feasible_two_sector_50cap,5.0,2022,tech_heavy_pullback,tech_heavy,universe,universe_cross_sectional,50000000.0,False,"[""Information Technology"", ""Communication""]",[],balanced_pullback,12,0.1,0.5,0.05,qqq_breadth,QQQ,broad,[],0.6,0.0,Sector proxy only: Information Technology + Communication; no sub-industry data available,feasible_two_sector_50cap,tech_heavy_pullback_balanced_focused_qqq_breadth__sector_cap_0p5,1.0,Keep two-sector theme but raise sector cap to 50% so 12 names can reach 100% risk_on,2022-01-03,2022-12-30,-0.16440109123142688,-0.1661660830748799,-0.19459078962173582,0.14078788032067985,-1.20967238952666,-0.8686379750024158,-0.853925735117728,2.5800207756232694,4.0470914127423825,2.8207171314741037,0.16610738110324128,0.5834280556134822,-0.001120925113252058,0.2700871704270927,-0.16440109123142688,0.4341876236208575,0.16610738110324128,-0.11317615965797967,0.2976087009580132,0.5834280556134822,-0.001120925113252058,0.2700871704270927,,,,,3.512641102257636,0.2896666666666667,2.938775510204082,60.5,0.6472222222222221,"{""Information Technology"": 0.36262626262626263, ""Communication"": 0.3141414141414141}"
feasible_two_sector_50cap,5.0,2023+,tech_heavy_pullback,tech_heavy,universe,universe_cross_sectional,50000000.0,False,"[""Information Technology"", ""Communication""]",[],balanced_pullback,12,0.1,0.5,0.05,qqq_breadth,QQQ,broad,[],0.6,0.0,Sector proxy only: Information Technology + Communication; no sub-industry data available,feasible_two_sector_50cap,tech_heavy_pullback_balanced_focused_qqq_breadth__sector_cap_0p5,1.0,Keep two-sector theme but raise sector cap to 50% so 12 names can reach 100% risk_on,2023-01-03,2026-04-02,2.2216998625642606,0.4341876236208575,-0.200599636520715,0.25703453107859164,1.5370524378627581,2.120473660061636,2.1644487056486814,4.541223628691983,11.712658227848102,11.101840490797546,0.860682241868717,0.6498304960559176,1.173393938721851,0.39440471394921595,-0.16440109123142688,0.4341876236208575,0.860682241868717,0.16356077693134988,0.1940286223708588,0.6498304960559176,1.173393938721851,0.39440471394921595,0.16189884230641588,0.1727396547477561,0.20607521609848606,1.0,3.512641102257636,0.2896666666666667,2.938775510204082,60.5,0.6472222222222221,"{""Information Technology"": 0.36262626262626263, ""Communication"": 0.3141414141414141}"
feasible_two_sector_50cap_single8,0.0,Full Sample,tech_heavy_pullback,tech_heavy,universe,universe_cross_sectional,50000000.0,False,"[""Information Technology"", ""Communication""]",[],balanced_pullback,12,0.08,0.5,0.05,qqq_breadth,QQQ,broad,[],0.6,0.0,Sector proxy only: Information Technology + Communication; no sub-industry data available,feasible_two_sector_50cap_single8,tech_heavy_pullback_balanced_focused_qqq_breadth__sector_cap_0p5__single_name_cap_0p08,1.0,Raise sector cap to 50% but keep single cap at 8%; geometry becomes near-feasible but still maxes at 96% stock,2018-01-02,2026-04-02,3.915945889751548,0.21301924988596466,-0.3787873758944549,0.24257077807638883,0.9195019858993425,1.0920696983804772,0.5623715663251677,3.3687400398406373,9.21613545816733,8.736740597878496,0.5897129950212112,0.13258551291827905,0.6997787879660984,0.24806615997099576,-0.158379986861502,0.429154238899075,0.5897129950212112,0.10874975429904267,0.22046482556189645,0.13258551291827905,0.6997787879660984,0.24806615997099576,0.051021373516307915,0.05654099329110193,0.2062158507679104,0.7862016679302501,3.3687400398406373,0.2778,2.938775510204082,60.5,0.6472222222222221,"{""Information Technology"": 0.350909090909091, ""Communication"": 0.30242424242424243}"
feasible_two_sector_50cap_single8,0.0,OOS Sample,tech_heavy_pullback,tech_heavy,universe,universe_cross_sectional,50000000.0,False,"[""Information Technology"", ""Communication""]",[],balanced_pullback,12,0.08,0.5,0.05,qqq_breadth,QQQ,broad,[],0.6,0.0,Sector proxy only: Information Technology + Communication; no sub-industry data available,feasible_two_sector_50cap_single8,tech_heavy_pullback_balanced_focused_qqq_breadth__sector_cap_0p5__single_name_cap_0p08,1.0,Raise sector cap to 50% but keep single cap at 8%; geometry becomes near-feasible but still maxes at 96% stock,2022-01-03,2026-04-02,1.6806951682522606,0.2615789531827375,-0.2023495617853308,0.22805383359826495,1.1367853691216883,1.4288574824627995,1.2927082760882977,3.9022838709677425,9.89709677419355,9.151969981238274,0.5364782271940879,0.6141186023201332,0.938967356481759,0.2945944640254081,-0.158379986861502,0.429154238899075,0.5364782271940879,0.1923658041157857,0.2191413661133203,0.6141186023201332,0.938967356481759,0.2945944640254081,0.12101494877835565,0.10777881630173622,0.2062158507679112,1.0,3.3687400398406373,0.2778,2.938775510204082,60.5,0.6472222222222221,"{""Information Technology"": 0.350909090909091, ""Communication"": 0.30242424242424243}"
feasible_two_sector_50cap_single8,0.0,2022,tech_heavy_pullback,tech_heavy,universe,universe_cross_sectional,50000000.0,False,"[""Information Technology"", ""Communication""]",[],balanced_pullback,12,0.08,0.5,0.05,qqq_breadth,QQQ,broad,[],0.6,0.0,Sector proxy only: Information Technology + Communication; no sub-industry data available,feasible_two_sector_50cap_single8,tech_heavy_pullback_balanced_focused_qqq_breadth__sector_cap_0p5__single_name_cap_0p08,1.0,Raise sector cap to 50% but keep single cap at 8%; geometry becomes near-feasible but still maxes at 96% stock,2022-01-03,2022-12-30,-0.158379986861502,-0.16008670367636435,-0.18744279244332918,0.13707965925656246,-1.1936423968070233,-0.8734315139133705,-0.8540563314791868,2.4990789473684214,4.0470914127423825,2.8207171314741037,0.1628196873490015,0.607096648059148,0.0,0.2603097119244078,-0.158379986861502,0.429154238899075,0.1628196873490015,-0.1076238120417355,0.2970142972876981,0.607096648059148,0.0,0.2603097119244078,,,,,3.3687400398406373,0.2778,2.938775510204082,60.5,0.6472222222222221,"{""Information Technology"": 0.350909090909091, ""Communication"": 0.30242424242424243}"
feasible_two_sector_50cap_single8,0.0,2023+,tech_heavy_pullback,tech_heavy,universe,universe_cross_sectional,50000000.0,False,"[""Information Technology"", ""Communication""]",[],balanced_pullback,12,0.08,0.5,0.05,qqq_breadth,QQQ,broad,[],0.6,0.0,Sector proxy only: Information Technology + Communication; no sub-industry data available,feasible_two_sector_50cap_single8,tech_heavy_pullback_balanced_focused_qqq_breadth__sector_cap_0p5__single_name_cap_0p08,1.0,Raise sector cap to 50% but keep single cap at 8%; geometry becomes near-feasible but still maxes at 96% stock,2023-01-03,2026-04-02,2.185160911580083,0.429154238899075,-0.1952519629988967,0.24890348719655,1.5647935419618395,2.160899788724396,2.1979509568439015,4.342930379746837,11.712658227848102,11.101840490797546,0.8339371547262138,0.6382458465867547,1.146882141415244,0.35428512263962164,-0.158379986861502,0.429154238899075,0.8339371547262138,0.16516195028161954,0.18878733531344025,0.6382458465867547,1.146882141415244,0.35428512263962164,0.16320549021837263,0.1736924041094901,0.2062158507679105,1.0,3.3687400398406373,0.2778,2.938775510204082,60.5,0.6472222222222221,"{""Information Technology"": 0.350909090909091, ""Communication"": 0.30242424242424243}"
feasible_two_sector_50cap_single8,5.0,Full Sample,tech_heavy_pullback,tech_heavy,universe,universe_cross_sectional,50000000.0,False,"[""Information Technology"", ""Communication""]",[],balanced_pullback,12,0.08,0.5,0.05,qqq_breadth,QQQ,broad,[],0.6,0.0,Sector proxy only: Information Technology + Communication; no sub-industry data available,feasible_two_sector_50cap_single8,tech_heavy_pullback_balanced_focused_qqq_breadth__sector_cap_0p5__single_name_cap_0p08,1.0,Raise sector cap to 50% but keep single cap at 8%; geometry becomes near-feasible but still maxes at 96% stock,2018-01-02,2026-04-02,3.8483069590052814,0.2109829917370778,-0.38151065586894817,0.24255732300413096,0.9125950688521864,1.0838375556495958,0.5530199182943715,3.3687400398406373,9.21613545816733,8.736740597878496,0.5897041739121067,0.12493744092042564,0.6965759032208719,0.25064060042431385,-0.15942145712439026,0.42605727658708736,0.5897041739121067,0.10706376867750629,0.2204523039676637,0.12493744092042564,0.6965759032208719,0.25064060042431385,0.04912703614567735,0.054741014874104446,0.20420319330664127,0.7748294162244125,3.3687400398406373,0.2778,2.938775510204082,60.5,0.6472222222222221,"{""Information Technology"": 0.350909090909091, ""Communication"": 0.30242424242424243}"
feasible_two_sector_50cap_single8,5.0,OOS Sample,tech_heavy_pullback,tech_heavy,universe,universe_cross_sectional,50000000.0,False,"[""Information Technology"", ""Communication""]",[],balanced_pullback,12,0.08,0.5,0.05,qqq_breadth,QQQ,broad,[],0.6,0.0,Sector proxy only: Information Technology + Communication; no sub-industry data available,feasible_two_sector_50cap_single8,tech_heavy_pullback_balanced_focused_qqq_breadth__sector_cap_0p5__single_name_cap_0p08,1.0,Raise sector cap to 50% but keep single cap at 8%; geometry becomes near-feasible but still maxes at 96% stock,2022-01-03,2026-04-02,1.6586003996067582,0.25912092134855613,-0.20437317015182843,0.22805747945762794,1.1281843886908092,1.4176186396950443,1.2678813033827077,3.9022838709677425,9.89709677419355,9.151969981238274,0.536477751562324,0.6051757848780905,0.9352837538034081,0.29765135487054556,-0.15942145712439026,0.42605727658708736,0.536477751562324,0.19040849005419755,0.21914527881581342,0.6051757848780905,0.9352837538034081,0.29765135487054556,0.11892550535753091,0.10573746476859493,0.20420319330664216,1.0,3.3687400398406373,0.2778,2.938775510204082,60.5,0.6472222222222221,"{""Information Technology"": 0.350909090909091, ""Communication"": 0.30242424242424243}"
feasible_two_sector_50cap_single8,5.0,2022,tech_heavy_pullback,tech_heavy,universe,universe_cross_sectional,50000000.0,False,"[""Information Technology"", ""Communication""]",[],balanced_pullback,12,0.08,0.5,0.05,qqq_breadth,QQQ,broad,[],0.6,0.0,Sector proxy only: Information Technology + Communication; no sub-industry data available,feasible_two_sector_50cap_single8,tech_heavy_pullback_balanced_focused_qqq_breadth__sector_cap_0p5__single_name_cap_0p08,1.0,Raise sector cap to 50% but keep single cap at 8%; geometry becomes near-feasible but still maxes at 96% stock,2022-01-03,2022-12-30,-0.15942145712439026,-0.16113829049633166,-0.1874427924433293,0.1370970014440702,-1.2025355158075866,-0.8734473526068075,-0.8596665062224229,2.4990789473684214,4.0470914127423825,2.8207171314741037,0.16279323670402363,0.6028871764453703,-0.001120925113252058,0.2617378920013097,-0.15942145712439026,0.42605727658708736,0.16279323670402363,-0.10887282980792018,0.29703146954645243,0.6028871764453703,-0.001120925113252058,0.2617378920013097,,,,,3.3687400398406373,0.2778,2.938775510204082,60.5,0.6472222222222221,"{""Information Technology"": 0.350909090909091, ""Communication"": 0.30242424242424243}"
feasible_two_sector_50cap_single8,5.0,2023+,tech_heavy_pullback,tech_heavy,universe,universe_cross_sectional,50000000.0,False,"[""Information Technology"", ""Communication""]",[],balanced_pullback,12,0.08,0.5,0.05,qqq_breadth,QQQ,broad,[],0.6,0.0,Sector proxy only: Information Technology + Communication; no sub-industry data available,feasible_two_sector_50cap_single8,tech_heavy_pullback_balanced_focused_qqq_breadth__sector_cap_0p5__single_name_cap_0p08,1.0,Raise sector cap to 50% but keep single cap at 8%; geometry becomes near-feasible but still maxes at 96% stock,2023-01-03,2026-04-02,2.162822108820099,0.42605727658708736,-0.19545869221045775,0.24890686159558695,1.5560207362940217,2.148318562086218,2.1797816805626398,4.342930379746837,11.712658227848102,11.101840490797546,0.8339712207834195,0.6267161317797153,1.1426310871091836,0.3601776419344455,-0.15942145712439026,0.42605727658708736,0.8339712207834195,0.16297445557011167,0.18878467517288522,0.6267161317797153,1.1426310871091836,0.3601776419344455,0.16108790124036287,0.17163447136652993,0.2042031933066414,1.0,3.3687400398406373,0.2778,2.938775510204082,60.5,0.6472222222222221,"{""Information Technology"": 0.350909090909091, ""Communication"": 0.30242424242424243}"
