strategy,cost_bps_one_way,period,family,universe,normalization,normalization_label,min_adv20_usd,leadership_filter,sector_whitelist,symbol_whitelist,score_template,holdings_count,single_name_cap,sector_cap,hold_bonus,regime_name,benchmark_symbol,breadth_mode,breadth_symbols,soft_defense_exposure,hard_defense_exposure,notes,Start,End,Total Return,CAGR,Max Drawdown,Volatility,Sharpe,Sortino,Calmar,Turnover/Year,Rebalances/Year,Average Names Held,Beta vs QQQ,Information Ratio vs QQQ,Up Capture vs QQQ,Down Capture vs QQQ,2022 Return,2023+ CAGR,beta_vs_qqq,alpha_ann_vs_qqq,tracking_error_vs_qqq,information_ratio_vs_qqq,up_capture_vs_qqq,down_capture_vs_qqq,rolling_36m_alpha_mean,rolling_36m_alpha_median,rolling_36m_alpha_last,rolling_36m_alpha_positive_ratio,annual_turnover,average_monthly_turnover,average_names_replaced_per_rebalance,median_holding_duration_days,top5_continuity,avg_sector_weights_json,Alpha_ann_vs_QQQ,experiment_group,scenario,universe_filter,leadership_only,group_normalization,group_normalization_label
broad_large_cap_eligible_balanced_pullback_balanced_qqq_breadth,5.0,Full Sample,broad_growth_leadership_pullback,large_cap_eligible,sector,sector,20000000.0,False,[],[],balanced_pullback,16,0.08,0.3,0.1,qqq_breadth,QQQ,broad,[],0.6,0.0,Broad large-cap / eligible baseline from IWB proxy universe,2018-01-02,2026-04-02,3.1307300514972844,0.18768823595798545,-0.3362700948230595,0.24872407220100792,0.8179454815651979,0.9799528527609718,0.5581472716351549,3.76527639442231,9.82246015936255,12.459016393442623,0.6125048529214872,0.043486521441735,0.6617727612408931,0.2857583714809766,-0.14587933177797008,0.3975227898506668,0.6125048529214872,0.08473078187233722,0.22142123902263847,0.043486521441735,0.6617727612408931,0.2857583714809766,0.055237862442859276,0.05279403928849767,0.13241792622678883,0.8074298711144806,3.76527639442231,0.3105,4.285714285714286,61.0,0.6000000000000001,"{""Information Technology"": 0.13926767676767676, ""Industrials"": 0.09393939393939395, ""Consumer Discretionary"": 0.09027777777777776, ""Health Care"": 0.08611111111111111, ""Financials"": 0.07929292929292929, ""Materials"": 0.046212121212121204, ""Communication"": 0.039141414141414144, ""Utilities"": 0.03838383838383839, ""Consumer Staples"": 0.03598484848484849, ""Energy"": 0.03244949494949495, ""Real Estate"": 0.03005050505050505}",0.08473078187233722,,,,,,
broad_large_cap_eligible_balanced_pullback_balanced_qqq_breadth,5.0,OOS Sample,broad_growth_leadership_pullback,large_cap_eligible,sector,sector,20000000.0,False,[],[],balanced_pullback,16,0.08,0.3,0.1,qqq_breadth,QQQ,broad,[],0.6,0.0,Broad large-cap / eligible baseline from IWB proxy universe,2022-01-03,2026-04-02,1.5299668874365095,0.24449186142520074,-0.2982238155399347,0.26288283333721785,0.9666913010933563,1.2640955272144694,0.8198267498608313,4.170919354838711,11.075322580645162,13.778611632270168,0.6679615296895837,0.5746225312247123,0.9695848791187635,0.38270355240361636,-0.14587933177797008,0.3975227898506668,0.6679615296895837,0.17085216464673877,0.22529070927806208,0.5746225312247123,0.9695848791187635,0.38270355240361636,0.12776991080046018,0.12713647926499055,0.13241792622678794,1.0,3.76527639442231,0.3105,4.285714285714286,61.0,0.6000000000000001,"{""Information Technology"": 0.13926767676767676, ""Industrials"": 0.09393939393939395, ""Consumer Discretionary"": 0.09027777777777776, ""Health Care"": 0.08611111111111111, ""Financials"": 0.07929292929292929, ""Materials"": 0.046212121212121204, ""Communication"": 0.039141414141414144, ""Utilities"": 0.03838383838383839, ""Consumer Staples"": 0.03598484848484849, ""Energy"": 0.03244949494949495, ""Real Estate"": 0.03005050505050505}",0.17085216464673877,,,,,,
broad_large_cap_eligible_balanced_pullback_balanced_qqq_breadth,5.0,2022,broad_growth_leadership_pullback,large_cap_eligible,sector,sector,20000000.0,False,[],[],balanced_pullback,16,0.08,0.3,0.1,qqq_breadth,QQQ,broad,[],0.6,0.0,Broad large-cap / eligible baseline from IWB proxy universe,2022-01-03,2022-12-30,-0.14587933177797008,-0.14746343045372057,-0.16932952729960105,0.12886293138775642,-1.1635249148563287,-1.2153912238179276,-0.870866604338935,3.085907202216067,7.0824099722991685,7.904382470119522,0.20193633914769202,0.6947481962576268,0.15532814563826783,0.2998255855690623,-0.14587933177797008,0.3975227898506668,0.20193633914769202,-0.08048114061266348,0.2792454813749823,0.6947481962576268,0.15532814563826783,0.2998255855690623,,,,,3.76527639442231,0.3105,4.285714285714286,61.0,0.6000000000000001,"{""Information Technology"": 0.13926767676767676, ""Industrials"": 0.09393939393939395, ""Consumer Discretionary"": 0.09027777777777776, ""Health Care"": 0.08611111111111111, ""Financials"": 0.07929292929292929, ""Materials"": 0.046212121212121204, ""Communication"": 0.039141414141414144, ""Utilities"": 0.03838383838383839, ""Consumer Staples"": 0.03598484848484849, ""Energy"": 0.03244949494949495, ""Real Estate"": 0.03005050505050505}",-0.08048114061266348,,,,,,
broad_large_cap_eligible_balanced_pullback_balanced_qqq_breadth,5.0,2023+,broad_growth_leadership_pullback,large_cap_eligible,sector,sector,20000000.0,False,[],[],balanced_pullback,16,0.08,0.3,0.1,qqq_breadth,QQQ,broad,[],0.6,0.0,Broad large-cap / eligible baseline from IWB proxy universe,2023-01-03,2026-04-02,1.9620719666027924,0.3975227898506668,-0.29822381553993427,0.2915744263615232,1.2983568736346864,1.7984327862600624,1.3329679560666599,4.515537974683545,12.329113924050633,15.587730061349694,1.0412859908421084,0.5323738194319559,1.1498852203833372,0.5269961770996029,-0.14587933177797008,0.3975227898506668,1.0412859908421084,0.09847235283895461,0.2058287976512087,0.5323738194319559,1.1498852203833372,0.5269961770996029,0.10117724344832381,0.10657298450511435,0.13241792622678789,1.0,3.76527639442231,0.3105,4.285714285714286,61.0,0.6000000000000001,"{""Information Technology"": 0.13926767676767676, ""Industrials"": 0.09393939393939395, ""Consumer Discretionary"": 0.09027777777777776, ""Health Care"": 0.08611111111111111, ""Financials"": 0.07929292929292929, ""Materials"": 0.046212121212121204, ""Communication"": 0.039141414141414144, ""Utilities"": 0.03838383838383839, ""Consumer Staples"": 0.03598484848484849, ""Energy"": 0.03244949494949495, ""Real Estate"": 0.03005050505050505}",0.09847235283895461,,,,,,
tech_heavy_pullback_balanced_focused_qqq_breadth,5.0,Full Sample,tech_heavy_pullback,tech_heavy,universe,universe_cross_sectional,50000000.0,False,"[""Information Technology"", ""Communication""]",[],balanced_pullback,12,0.1,0.4,0.05,qqq_breadth,QQQ,broad,[],0.6,0.0,Sector proxy only: Information Technology + Communication; no sub-industry data available,2018-01-02,2026-04-02,4.52577601428643,0.230343208703087,-0.3275691692317261,0.2279969587120907,1.0254865869181704,1.2292045082499627,0.7031895255689941,2.9588645418326696,9.094870517928285,6.397299903567984,0.5393895280254657,0.1835270672788294,0.6730084001708915,0.13224036890383856,-0.11420526158137101,0.4860629363265818,0.5393895280254657,0.12926663952681022,0.21791843598593486,0.1835270672788294,0.6730084001708915,0.13224036890383856,0.07368318345053657,0.05434594609671379,0.2528939288155754,0.8407884761182715,2.9588645418326696,0.24400000000000005,2.2551020408163267,58.0,0.6416666666666666,"{""Information Technology"": 0.2939393939393939, ""Communication"": 0.26565656565656565}",0.12926663952681022,,,,,,
tech_heavy_pullback_balanced_focused_qqq_breadth,5.0,OOS Sample,tech_heavy_pullback,tech_heavy,universe,universe_cross_sectional,50000000.0,False,"[""Information Technology"", ""Communication""]",[],balanced_pullback,12,0.1,0.4,0.05,qqq_breadth,QQQ,broad,[],0.6,0.0,Sector proxy only: Information Technology + Communication; no sub-industry data available,2022-01-03,2026-04-02,2.20245135974008,0.3155716776716817,-0.1841129708630962,0.21839400709387893,1.3696922975287686,1.792701861378311,1.7140111106367206,3.157645161290324,9.661451612903226,6.975609756097561,0.49636582710588983,0.795541321038746,0.9806457410398776,0.17786386689811398,-0.11420526158137101,0.4860629363265818,0.49636582710588983,0.23725094432467417,0.21930119047498223,0.795541321038746,0.9806457410398776,0.17786386689811398,0.18983646758566428,0.18649042387516568,0.25289392881557476,1.0,2.9588645418326696,0.24400000000000005,2.2551020408163267,58.0,0.6416666666666666,"{""Information Technology"": 0.2939393939393939, ""Communication"": 0.26565656565656565}",0.23725094432467417,,,,,,
tech_heavy_pullback_balanced_focused_qqq_breadth,5.0,2022,tech_heavy_pullback,tech_heavy,universe,universe_cross_sectional,50000000.0,False,"[""Information Technology"", ""Communication""]",[],balanced_pullback,12,0.1,0.4,0.05,qqq_breadth,QQQ,broad,[],0.6,0.0,Sector proxy only: Information Technology + Communication; no sub-industry data available,2022-01-03,2022-12-30,-0.11420526158137101,-0.11546900328424914,-0.1473480842578786,0.11330883483615634,-1.0175879045010994,-0.8350170735984558,-0.783647808288862,2.124722991689751,4.0470914127423825,2.5179282868525896,0.13627198039204289,0.7719185021537375,-0.0011209240602578431,0.18503767880806213,-0.11420526158137101,0.4860629363265818,0.13627198039204289,-0.06843224321870368,0.29619555086336835,0.7719185021537375,-0.0011209240602578431,0.18503767880806213,,,,,2.9588645418326696,0.24400000000000005,2.2551020408163267,58.0,0.6416666666666666,"{""Information Technology"": 0.2939393939393939, ""Communication"": 0.26565656565656565}",-0.06843224321870368,,,,,,
tech_heavy_pullback_balanced_focused_qqq_breadth,5.0,2023+,tech_heavy_pullback,tech_heavy,universe,universe_cross_sectional,50000000.0,False,"[""Information Technology"", ""Communication""]",[],balanced_pullback,12,0.1,0.4,0.05,qqq_breadth,QQQ,broad,[],0.6,0.0,Sector proxy only: Information Technology + Communication; no sub-industry data available,2023-01-03,2026-04-02,2.615342495099122,0.4860629363265818,-0.18411297086309641,0.24115659895957944,1.769672412342374,2.5202546142096662,2.640025491131805,3.4829746835443047,11.404430379746836,8.348466257668711,0.7827109507354544,0.8329481791473957,1.1980376980005591,0.16537407993666342,-0.11420526158137101,0.4860629363265818,0.7827109507354544,0.2162269201031795,0.1894216071240709,0.8329481791473957,1.1980376980005591,0.16537407993666342,0.21651690772896348,0.22496942726448144,0.2528939288155747,1.0,2.9588645418326696,0.24400000000000005,2.2551020408163267,58.0,0.6416666666666666,"{""Information Technology"": 0.2939393939393939, ""Communication"": 0.26565656565656565}",0.2162269201031795,,,,,,
crypto_theme_pullback_balanced_diversified_qqq_breadth,5.0,Full Sample,crypto_equity_theme_pullback,crypto_linked_equity_theme,universe,universe_cross_sectional,20000000.0,False,[],"[""COIN"", ""MSTR"", ""HOOD"", ""SQ"", ""XYZ"", ""PYPL"", ""IBKR"", ""CME"", ""CBOE""]",balanced_pullback,24,0.06,0.2,0.15,qqq_breadth,QQQ,broad,[],0.6,0.0,Explicit curated US-equity crypto-linked theme bucket inside the large-cap proxy universe,2018-01-02,2026-04-02,0.7139202214227487,0.06751713925821123,-0.1576018850798867,0.09130529498291681,0.762665464772196,0.886503869943739,0.42840311982301177,0.6038994023904383,4.001743027888446,3.7941176470588234,0.2136479370571424,-0.6132129910278407,0.25693647840779543,0.14708060217337135,-0.052430679831973914,0.14185945385941467,0.2136479370571424,0.02822745713058826,0.20250467315189405,-0.6132129910278407,0.25693647840779543,0.14708060217337135,0.03257366615717417,0.017308569555228203,0.06020540129184443,0.865049279757392,0.6038994023904383,0.049800000000000004,0.5,91.0,0.8952054794520548,"{""Financials"": 0.17333333333333337, ""Information Technology"": 0.05818181818181817}",0.02822745713058826,,,,,,
crypto_theme_pullback_balanced_diversified_qqq_breadth,5.0,OOS Sample,crypto_equity_theme_pullback,crypto_linked_equity_theme,universe,universe_cross_sectional,20000000.0,False,[],"[""COIN"", ""MSTR"", ""HOOD"", ""SQ"", ""XYZ"", ""PYPL"", ""IBKR"", ""CME"", ""CBOE""]",balanced_pullback,24,0.06,0.2,0.15,qqq_breadth,QQQ,broad,[],0.6,0.0,Explicit curated US-equity crypto-linked theme bucket inside the large-cap proxy universe,2022-01-03,2026-04-02,0.45722556450456353,0.09278391737027425,-0.15760188507988648,0.10760611699036064,0.8809414930488612,1.158099396663294,0.5887233983479525,0.9331548387096775,6.3624193548387105,4.210131332082551,0.23828681807188395,-0.14905010601805513,0.37888484542291034,0.16449846241882196,-0.052430679831973914,0.14185945385941467,0.23828681807188395,0.06508761144201264,0.2004341895657199,-0.14905010601805513,0.37888484542291034,0.16449846241882196,0.08844896988115325,0.0959317667589189,0.06020540129184413,1.0,0.6038994023904383,0.049800000000000004,0.5,91.0,0.8952054794520548,"{""Financials"": 0.17333333333333337, ""Information Technology"": 0.05818181818181817}",0.06508761144201264,,,,,,
crypto_theme_pullback_balanced_diversified_qqq_breadth,5.0,2022,crypto_equity_theme_pullback,crypto_linked_equity_theme,universe,universe_cross_sectional,20000000.0,False,[],"[""COIN"", ""MSTR"", ""HOOD"", ""SQ"", ""XYZ"", ""PYPL"", ""IBKR"", ""CME"", ""CBOE""]",balanced_pullback,24,0.06,0.2,0.15,qqq_breadth,QQQ,broad,[],0.6,0.0,Explicit curated US-equity crypto-linked theme bucket inside the large-cap proxy universe,2022-01-03,2022-12-30,-0.052430679831973914,-0.05303127600322377,-0.07975061552849516,0.06516616595258369,-0.7970879951267261,-0.56328260131997,-0.6649638457558427,1.1534210526315791,3.0353185595567864,0.9641434262948207,0.06983471167278615,0.9584290645464556,-0.07088604423016175,0.05499555686431035,-0.052430679831973914,0.14185945385941467,0.06983471167278615,-0.027924181119545272,0.30466246068860137,0.9584290645464556,-0.07088604423016175,0.05499555686431035,,,,,0.6038994023904383,0.049800000000000004,0.5,91.0,0.8952054794520548,"{""Financials"": 0.17333333333333337, ""Information Technology"": 0.05818181818181817}",-0.027924181119545272,,,,,,
crypto_theme_pullback_balanced_diversified_qqq_breadth,5.0,2023+,crypto_equity_theme_pullback,crypto_linked_equity_theme,universe,universe_cross_sectional,20000000.0,False,[],"[""COIN"", ""MSTR"", ""HOOD"", ""SQ"", ""XYZ"", ""PYPL"", ""IBKR"", ""CME"", ""CBOE""]",balanced_pullback,24,0.06,0.2,0.15,qqq_breadth,QQQ,broad,[],0.6,0.0,Explicit curated US-equity crypto-linked theme bucket inside the large-cap proxy universe,2023-01-03,2026-04-02,0.5378564222047248,0.14185945385941467,-0.15760188507988693,0.11748562090893898,1.191519037185696,1.7366934953838944,0.9001126717964537,0.8692025316455696,7.39746835443038,5.2098159509202455,0.3731896589934591,-0.8362968400093425,0.4784773222928144,0.3551457750615057,-0.052430679831973914,0.14185945385941467,0.3731896589934591,0.039602143111348714,0.15425556741059715,-0.8362968400093425,0.4784773222928144,0.3551457750615057,0.056035810170545396,0.05765910928522719,0.06020540129184409,1.0,0.6038994023904383,0.049800000000000004,0.5,91.0,0.8952054794520548,"{""Financials"": 0.17333333333333337, ""Information Technology"": 0.05818181818181817}",0.039602143111348714,,,,,,
trend_only_control_focused_qqq_breadth,5.0,Full Sample,trend_only_control,leadership_growth,sector,sector,50000000.0,True,[],[],trend_only,12,0.1,0.4,0.05,qqq_breadth,QQQ,broad,[],0.6,0.0,Broad universe but leadership/growth prefilter; not tech-only,2018-01-02,2026-04-02,4.569430463419527,0.23151781986171782,-0.41097999831245213,0.2866669240507683,0.872556414227909,1.0461953615520723,0.5633311129796245,3.787508300132802,10.428784860557768,10.322082931533268,0.7483393832425623,0.24271105295809006,0.8279321558742554,0.3780666085977558,-0.07724812231553546,0.3873651419346702,0.7483393832425623,0.10509449525745031,0.2320420561246986,0.24271105295809006,0.8279321558742554,0.3780666085977558,0.07242680841210362,0.07585638574523855,0.13154274043853656,0.8824867323730099,3.787508300132802,0.31233333333333335,3.795918367346939,60.0,0.5976470588235294,"{""Information Technology"": 0.16430976430976432, ""Industrials"": 0.11868686868686867, ""Health Care"": 0.09932659932659932, ""Financials"": 0.09646464646464648, ""Consumer Discretionary"": 0.09410774410774413, ""Materials"": 0.04713804713804713, ""Utilities"": 0.04461279461279462, ""Communication"": 0.04292929292929293, ""Consumer Staples"": 0.03956228956228956, ""Energy"": 0.030639730639730637, ""Real Estate"": 0.02626262626262626}",0.10509449525745031,,,,,,
trend_only_control_focused_qqq_breadth,5.0,OOS Sample,trend_only_control,leadership_growth,sector,sector,50000000.0,True,[],[],trend_only,12,0.1,0.4,0.05,qqq_breadth,QQQ,broad,[],0.6,0.0,Broad universe but leadership/growth prefilter; not tech-only,2022-01-03,2026-04-02,1.669328616642039,0.2603163722812243,-0.3251438975484585,0.28183376982796515,0.9653475159151069,1.318955839227914,0.8006189697668475,4.088443548387097,12.253548387096775,12.0,0.7335603284332807,0.6348210318208194,1.1074490535188337,0.5151941882494815,-0.07724812231553546,0.3873651419346702,0.7335603284332807,0.18061498117202987,0.2321884305164727,0.6348210318208194,1.1074490535188337,0.5151941882494815,0.12232031430415627,0.12517361310120007,0.13154274043853567,1.0,3.787508300132802,0.31233333333333335,3.795918367346939,60.0,0.5976470588235294,"{""Information Technology"": 0.16430976430976432, ""Industrials"": 0.11868686868686867, ""Health Care"": 0.09932659932659932, ""Financials"": 0.09646464646464648, ""Consumer Discretionary"": 0.09410774410774413, ""Materials"": 0.04713804713804713, ""Utilities"": 0.04461279461279462, ""Communication"": 0.04292929292929293, ""Consumer Staples"": 0.03956228956228956, ""Energy"": 0.030639730639730637, ""Real Estate"": 0.02626262626262626}",0.18061498117202987,,,,,,
trend_only_control_focused_qqq_breadth,5.0,2022,trend_only_control,leadership_growth,sector,sector,50000000.0,True,[],[],trend_only,12,0.1,0.4,0.05,qqq_breadth,QQQ,broad,[],0.6,0.0,Broad universe but leadership/growth prefilter; not tech-only,2022-01-03,2022-12-30,-0.07724812231553546,-0.07812107291633308,-0.16087115374825844,0.167519662984542,-0.3976969139590805,-0.5343864580492992,-0.48561268503476995,3.9121883656509695,12.141274238227146,12.0,0.33381159890603157,1.1112168480930236,0.47421807457346166,0.3127132567480536,-0.07724812231553546,0.3873651419346702,0.33381159890603157,0.048189283839259675,0.24956287627291732,1.1112168480930236,0.47421807457346166,0.3127132567480536,,,,,3.787508300132802,0.31233333333333335,3.795918367346939,60.0,0.5976470588235294,"{""Information Technology"": 0.16430976430976432, ""Industrials"": 0.11868686868686867, ""Health Care"": 0.09932659932659932, ""Financials"": 0.09646464646464648, ""Consumer Discretionary"": 0.09410774410774413, ""Materials"": 0.04713804713804713, ""Utilities"": 0.04461279461279462, ""Communication"": 0.04292929292929293, ""Consumer Staples"": 0.03956228956228956, ""Energy"": 0.030639730639730637, ""Real Estate"": 0.02626262626262626}",0.048189283839259675,,,,,,
trend_only_control_focused_qqq_breadth,5.0,2023+,trend_only_control,leadership_growth,sector,sector,50000000.0,True,[],[],trend_only,12,0.1,0.4,0.05,qqq_breadth,QQQ,broad,[],0.6,0.0,Broad universe but leadership/growth prefilter; not tech-only,2023-01-03,2026-04-02,1.892791313890791,0.3873651419346702,-0.3251438975484583,0.30832907362052686,1.2206945171440224,1.697800461770287,1.1913652535242143,4.155938818565401,12.329113924050633,12.0,1.0553731389608805,0.4740890724379773,1.2476649791705994,0.8677185825261052,-0.07724812231553546,0.3873651419346702,1.0553731389608805,0.09249100272140236,0.22650978138883063,0.4740890724379773,1.2476649791705994,0.8677185825261052,0.10702768166324224,0.11103584849630979,0.1315427404385355,1.0,3.787508300132802,0.31233333333333335,3.795918367346939,60.0,0.5976470588235294,"{""Information Technology"": 0.16430976430976432, ""Industrials"": 0.11868686868686867, ""Health Care"": 0.09932659932659932, ""Financials"": 0.09646464646464648, ""Consumer Discretionary"": 0.09410774410774413, ""Materials"": 0.04713804713804713, ""Utilities"": 0.04461279461279462, ""Communication"": 0.04292929292929293, ""Consumer Staples"": 0.03956228956228956, ""Energy"": 0.030639730639730637, ""Real Estate"": 0.02626262626262626}",0.09249100272140236,,,,,,
naive_dip_buy_control_diversified_qqq_breadth,5.0,Full Sample,naive_dip_buy_control,large_cap_eligible,sector,sector,20000000.0,False,[],[],naive_dip_buy,24,0.06,0.2,0.15,qqq_breadth,QQQ,broad,[],0.6,0.0,Broad large-cap / eligible baseline from IWB proxy universe,2018-01-02,2026-04-02,0.04293875133037317,0.005111293595856603,-0.47099236582661375,0.25177144304763255,0.14607434543557207,0.1945651462337097,0.01085217928508468,6.493737549800798,9.82246015936255,18.688524590163933,0.5833664371688081,-0.6765478638043315,0.5053669581489222,0.8253880497166447,-0.25250537759969427,-0.0334627923397528,0.5833664371688081,-0.07628717064764963,0.23211446109563377,-0.6765478638043315,0.5053669581489222,0.8253880497166447,-0.04909620157929659,-0.03904194432454113,-0.18423218811856235,0.36997725549658833,6.493737549800798,0.5355000000000001,12.673469387755102,31.0,0.1818181818181818,"{""Industrials"": 0.10353535353535352, ""Information Technology"": 0.09848484848484848, ""Financials"": 0.09680134680134679, ""Consumer Discretionary"": 0.0945286195286195, ""Health Care"": 0.08728956228956229, ""Consumer Staples"": 0.04991582491582491, ""Materials"": 0.045538720538720545, ""Real Estate"": 0.04351851851851852, ""Utilities"": 0.0398989898989899, ""Communication"": 0.032070707070707076, ""Energy"": 0.019528619528619527}",-0.07628717064764963,,,,,,
naive_dip_buy_control_diversified_qqq_breadth,5.0,OOS Sample,naive_dip_buy_control,large_cap_eligible,sector,sector,20000000.0,False,[],[],naive_dip_buy,24,0.06,0.2,0.15,qqq_breadth,QQQ,broad,[],0.6,0.0,Broad large-cap / eligible baseline from IWB proxy universe,2022-01-03,2026-04-02,-0.33065208244561706,-0.09026329440189429,-0.3585604051585969,0.26870433207651656,-0.2190594334921054,-0.3223266011438753,-0.25173804219116,7.130229838709678,11.075322580645162,20.66791744840525,0.6784825532763522,-0.7994687572640866,0.4241998682917544,0.9394871662279484,-0.25250537759969427,-0.0334627923397528,0.6784825532763522,-0.14344825232822586,0.22956700641651578,-0.7994687572640866,0.4241998682917544,0.9394871662279484,-0.1479252232465869,-0.1444883812426265,-0.18423218811856293,0.0,6.493737549800798,0.5355000000000001,12.673469387755102,31.0,0.1818181818181818,"{""Industrials"": 0.10353535353535352, ""Information Technology"": 0.09848484848484848, ""Financials"": 0.09680134680134679, ""Consumer Discretionary"": 0.0945286195286195, ""Health Care"": 0.08728956228956229, ""Consumer Staples"": 0.04991582491582491, ""Materials"": 0.045538720538720545, ""Real Estate"": 0.04351851851851852, ""Utilities"": 0.0398989898989899, ""Communication"": 0.032070707070707076, ""Energy"": 0.019528619528619527}",-0.14344825232822586,,,,,,
naive_dip_buy_control_diversified_qqq_breadth,5.0,2022,naive_dip_buy_control,large_cap_eligible,sector,sector,20000000.0,False,[],[],naive_dip_buy,24,0.06,0.2,0.15,qqq_breadth,QQQ,broad,[],0.6,0.0,Broad large-cap / eligible baseline from IWB proxy universe,2022-01-03,2022-12-30,-0.25250537759969427,-0.2550620850773804,-0.28918580963871465,0.2619253981140563,-0.9849746114088109,-1.3007742521020937,-0.8820006949719778,3.7688538781163428,7.0824099722991685,11.856573705179283,0.4718991062358751,0.3151294854943181,0.20545663736785302,0.511763357571944,-0.25250537759969427,-0.0334627923397528,0.4718991062358751,-0.095684640516596,0.27274711666261076,0.3151294854943181,0.20545663736785302,0.511763357571944,,,,,6.493737549800798,0.5355000000000001,12.673469387755102,31.0,0.1818181818181818,"{""Industrials"": 0.10353535353535352, ""Information Technology"": 0.09848484848484848, ""Financials"": 0.09680134680134679, ""Consumer Discretionary"": 0.0945286195286195, ""Health Care"": 0.08728956228956229, ""Consumer Staples"": 0.04991582491582491, ""Materials"": 0.045538720538720545, ""Real Estate"": 0.04351851851851852, ""Utilities"": 0.0398989898989899, ""Communication"": 0.032070707070707076, ""Energy"": 0.019528619528619527}",-0.095684640516596,,,,,,
naive_dip_buy_control_diversified_qqq_breadth,5.0,2023+,naive_dip_buy_control,large_cap_eligible,sector,sector,20000000.0,False,[],[],naive_dip_buy,24,0.06,0.2,0.15,qqq_breadth,QQQ,broad,[],0.6,0.0,Broad large-cap / eligible baseline from IWB proxy universe,2023-01-03,2026-04-02,-0.10454483885781551,-0.0334627923397528,-0.2943988468422868,0.27064082101838666,0.009105095040735504,0.013834110342324245,-0.11366482137642082,8.178312236286919,12.329113924050633,23.38159509202454,0.8469993766011802,-1.2439679083877837,0.4726360402793203,1.6841650746416856,-0.25250537759969427,-0.0334627923397528,0.8469993766011802,-0.22536998038706504,0.21425439136614266,-1.2439679083877837,0.4726360402793203,1.6841650746416856,-0.22327645029831794,-0.21645060886328218,-0.18423218811856293,0.0,6.493737549800798,0.5355000000000001,12.673469387755102,31.0,0.1818181818181818,"{""Industrials"": 0.10353535353535352, ""Information Technology"": 0.09848484848484848, ""Financials"": 0.09680134680134679, ""Consumer Discretionary"": 0.0945286195286195, ""Health Care"": 0.08728956228956229, ""Consumer Staples"": 0.04991582491582491, ""Materials"": 0.045538720538720545, ""Real Estate"": 0.04351851851851852, ""Utilities"": 0.0398989898989899, ""Communication"": 0.032070707070707076, ""Energy"": 0.019528619528619527}",-0.22536998038706504,,,,,,
qqq_plus_current_default,5.0,Full Sample,reference,,,,,,,,,12,0.08,0.3,0.1,qqq_breadth,QQQ,broad,,0.6,0.0,,2018-01-02,2026-04-02,4.958779781250848,0.2416506149571933,-0.3237786750219297,0.2852530615979183,0.9038399819654638,1.0872431256196995,0.7463450609921305,3.4402863545816738,9.82246015936255,9.465766634522662,0.6801326157231703,0.2595554547101895,0.8033466871803562,0.30376025463085093,-0.015312392803116026,0.46479200166957213,0.6801326157231703,0.12600397302353694,0.2466110009779196,0.2595554547101895,0.8033466871803562,0.30376025463085093,0.09996096456327586,0.09919099513772478,0.16463759597117278,0.9529946929492039,3.4402863545816738,0.28369999999999995,3.2857142857142856,61.0,0.5897435897435896,"{""Information Technology"": 0.16858585858585856, ""Consumer Discretionary"": 0.1291919191919192, ""Health Care"": 0.09242424242424241, ""Industrials"": 0.06858585858585858, ""Communication"": 0.06474747474747476, ""Financials"": 0.05646464646464646, ""Materials"": 0.0494949494949495, ""Energy"": 0.03414141414141414, ""Utilities"": 0.02101010101010101, ""Consumer Staples"": 0.011919191919191921, ""Real Estate"": 0.00404040404040404}",0.12600397302353694,final_comparison,v11_liquid_50m_norm_universe_cross_sectional_h12_cap8_sector30_hold10,liquid_50m,False,universe,universe_cross_sectional
qqq_plus_current_default,5.0,OOS Sample,reference,,,,,,,,,12,0.08,0.3,0.1,qqq_breadth,QQQ,broad,,0.6,0.0,,2022-01-03,2026-04-02,2.3973026290745523,0.3340103912486361,-0.3237786750219295,0.29901336327568034,1.117223600509941,1.4774266208748699,1.0316009577406962,3.706698387096775,11.075322580645162,10.570356472795497,0.7447970621051034,0.8364949588096491,1.2004459348949046,0.39932956868763353,-0.015312392803116026,0.46479200166957213,0.7447970621051034,0.24121136069875612,0.25032470733634143,0.8364949588096491,1.2004459348949046,0.39932956868763353,0.16613345061594673,0.16646677038095015,0.16463759597117186,1.0,3.4402863545816738,0.28369999999999995,3.2857142857142856,61.0,0.5897435897435896,"{""Information Technology"": 0.16858585858585856, ""Consumer Discretionary"": 0.1291919191919192, ""Health Care"": 0.09242424242424241, ""Industrials"": 0.06858585858585858, ""Communication"": 0.06474747474747476, ""Financials"": 0.05646464646464646, ""Materials"": 0.0494949494949495, ""Energy"": 0.03414141414141414, ""Utilities"": 0.02101010101010101, ""Consumer Staples"": 0.011919191919191921, ""Real Estate"": 0.00404040404040404}",0.24121136069875612,final_comparison,v11_liquid_50m_norm_universe_cross_sectional_h12_cap8_sector30_hold10,liquid_50m,False,universe,universe_cross_sectional
qqq_plus_current_default,5.0,2022,reference,,,,,,,,,12,0.08,0.3,0.1,qqq_breadth,QQQ,broad,,0.6,0.0,,2022-01-03,2022-12-30,-0.015312392803116026,-0.015491259822233205,-0.16355701046128357,0.15754305309699587,-0.019576278822279154,-0.02227001164696958,-0.09471474061883897,2.8936703601108036,7.0824099722991685,5.9282868525896415,0.20861788472291237,1.1703922825922926,0.22804603628565756,0.10897243495156793,-0.015312392803116026,0.46479200166957213,0.20861788472291237,0.06866803822256652,0.29123262696207963,1.1703922825922926,0.22804603628565756,0.10897243495156793,,,,,3.4402863545816738,0.28369999999999995,3.2857142857142856,61.0,0.5897435897435896,"{""Information Technology"": 0.16858585858585856, ""Consumer Discretionary"": 0.1291919191919192, ""Health Care"": 0.09242424242424241, ""Industrials"": 0.06858585858585858, ""Communication"": 0.06474747474747476, ""Financials"": 0.05646464646464646, ""Materials"": 0.0494949494949495, ""Energy"": 0.03414141414141414, ""Utilities"": 0.02101010101010101, ""Consumer Staples"": 0.011919191919191921, ""Real Estate"": 0.00404040404040404}",0.06866803822256652,final_comparison,v11_liquid_50m_norm_universe_cross_sectional_h12_cap8_sector30_hold10,liquid_50m,False,universe,universe_cross_sectional
qqq_plus_current_default,5.0,2023+,reference,,,,,,,,,12,0.08,0.3,0.1,qqq_breadth,QQQ,broad,,0.6,0.0,,2023-01-03,2026-04-02,2.4501324117865915,0.46479200166957213,-0.3237786750219295,0.3303319113044961,1.3256314537040514,1.8549971219723533,1.435523823914876,3.9668924050632914,12.329113924050633,12.0,1.1765380818262416,0.7149704571254285,1.4157638148164762,0.9048486412007971,-0.015312392803116026,0.46479200166957213,1.1765380818262416,0.12142163142015835,0.23624552961056375,0.7149704571254285,1.4157638148164762,0.9048486412007971,0.14014959690906753,0.1407004744710429,0.16463759597117186,1.0,3.4402863545816738,0.28369999999999995,3.2857142857142856,61.0,0.5897435897435896,"{""Information Technology"": 0.16858585858585856, ""Consumer Discretionary"": 0.1291919191919192, ""Health Care"": 0.09242424242424241, ""Industrials"": 0.06858585858585858, ""Communication"": 0.06474747474747476, ""Financials"": 0.05646464646464646, ""Materials"": 0.0494949494949495, ""Energy"": 0.03414141414141414, ""Utilities"": 0.02101010101010101, ""Consumer Staples"": 0.011919191919191921, ""Real Estate"": 0.00404040404040404}",0.12142163142015835,final_comparison,v11_liquid_50m_norm_universe_cross_sectional_h12_cap8_sector30_hold10,liquid_50m,False,universe,universe_cross_sectional
aggressive_alt_spec,5.0,Full Sample,reference,,,,,,,,,12,0.09,0.35,0.1,qqq_breadth,QQQ,broad,,0.6,0.0,,2018-01-02,2026-04-02,6.09816573134462,0.26827720022116486,-0.40875068693250227,0.3153671719476812,0.9141162663486204,1.1244027562297374,0.6563345550180468,3.5328519256308097,10.428784860557768,10.322082931533268,0.8285855405092717,0.37949720388487845,0.9364441977701866,0.41091199756451846,-0.024269527565687454,0.47499868834075887,0.8285855405092717,0.12769087365751797,0.24893034580433418,0.37949720388487845,0.9364441977701866,0.41091199756451846,0.08929384924297806,0.08199454400965499,0.16654248213107942,0.9226686884003032,3.5328519256308097,0.2913333333333333,3.4489795918367347,61.0,0.6235294117647059,"{""Information Technology"": 0.21430976430976434, ""Consumer Discretionary"": 0.13434343434343435, ""Health Care"": 0.10707070707070708, ""Industrials"": 0.07457912457912458, ""Communication"": 0.0632996632996633, ""Financials"": 0.06043771043771043, ""Energy"": 0.05892255892255893, ""Materials"": 0.05521885521885522, ""Utilities"": 0.019023569023569022, ""Consumer Staples"": 0.012626262626262626, ""Real Estate"": 0.004208754208754209}",0.12769087365751797,final_comparison,v11_leadership_liquid_norm_universe_cross_sectional_h12_cap9_sector35_hold10,leadership_liquid,True,universe,universe_cross_sectional
aggressive_alt_spec,5.0,OOS Sample,reference,,,,,,,,,12,0.09,0.35,0.1,qqq_breadth,QQQ,broad,,0.6,0.0,,2022-01-03,2026-04-02,2.4430992657043165,0.3382263033129467,-0.34045794622990344,0.3151815247357876,1.0859074212568376,1.5161360085041025,0.993445173062726,3.844943548387097,12.253548387096775,12.0,0.8348491271165903,0.8685925048673578,1.30498452326646,0.5123841180221891,-0.024269527565687454,0.47499868834075887,0.8348491271165903,0.23817779146657797,0.2505070271355529,0.8685925048673578,1.30498452326646,0.5123841180221891,0.13479505833011912,0.13548904511867121,0.16654248213107845,1.0,3.5328519256308097,0.2913333333333333,3.4489795918367347,61.0,0.6235294117647059,"{""Information Technology"": 0.21430976430976434, ""Consumer Discretionary"": 0.13434343434343435, ""Health Care"": 0.10707070707070708, ""Industrials"": 0.07457912457912458, ""Communication"": 0.0632996632996633, ""Financials"": 0.06043771043771043, ""Energy"": 0.05892255892255893, ""Materials"": 0.05521885521885522, ""Utilities"": 0.019023569023569022, ""Consumer Staples"": 0.012626262626262626, ""Real Estate"": 0.004208754208754209}",0.23817779146657797,final_comparison,v11_leadership_liquid_norm_universe_cross_sectional_h12_cap9_sector35_hold10,leadership_liquid,True,universe,universe_cross_sectional
aggressive_alt_spec,5.0,2022,reference,,,,,,,,,12,0.09,0.35,0.1,qqq_breadth,QQQ,broad,,0.6,0.0,,2022-01-03,2022-12-30,-0.024269527565687454,-0.02455171278002377,-0.15912984560159582,0.22087267064204394,-0.0007509643882581444,-0.0010714575919058816,-0.15428729090514215,2.7823753462603875,12.141274238227146,12.0,0.37845071903316824,1.2653476572931934,0.8294364330174415,0.35427124611572103,-0.024269527565687454,0.47499868834075887,0.37845071903316824,0.12999867177209815,0.27168395679875235,1.2653476572931934,0.8294364330174415,0.35427124611572103,,,,,3.5328519256308097,0.2913333333333333,3.4489795918367347,61.0,0.6235294117647059,"{""Information Technology"": 0.21430976430976434, ""Consumer Discretionary"": 0.13434343434343435, ""Health Care"": 0.10707070707070708, ""Industrials"": 0.07457912457912458, ""Communication"": 0.0632996632996633, ""Financials"": 0.06043771043771043, ""Energy"": 0.05892255892255893, ""Materials"": 0.05521885521885522, ""Utilities"": 0.019023569023569022, ""Consumer Staples"": 0.012626262626262626, ""Real Estate"": 0.004208754208754209}",0.12999867177209815,final_comparison,v11_leadership_liquid_norm_universe_cross_sectional_h12_cap9_sector35_hold10,leadership_liquid,True,universe,universe_cross_sectional
aggressive_alt_spec,5.0,2023+,reference,,,,,,,,,12,0.09,0.35,0.1,qqq_breadth,QQQ,broad,,0.6,0.0,,2023-01-03,2026-04-02,2.528740121351604,0.47499868834075887,-0.3404579462299032,0.33870570636478015,1.3218439582651151,1.8526330083474223,1.3951758024763607,4.18162447257384,12.329113924050633,12.0,1.2030848965131544,0.7338010975233403,1.4102848289736256,0.787662604657223,-0.024269527565687454,0.47499868834075887,1.2030848965131544,0.12409852891436239,0.24356231505173603,0.7338010975233403,1.4102848289736256,0.787662604657223,0.12391442390655885,0.1312849716655035,0.1665424821310784,1.0,3.5328519256308097,0.2913333333333333,3.4489795918367347,61.0,0.6235294117647059,"{""Information Technology"": 0.21430976430976434, ""Consumer Discretionary"": 0.13434343434343435, ""Health Care"": 0.10707070707070708, ""Industrials"": 0.07457912457912458, ""Communication"": 0.0632996632996633, ""Financials"": 0.06043771043771043, ""Energy"": 0.05892255892255893, ""Materials"": 0.05521885521885522, ""Utilities"": 0.019023569023569022, ""Consumer Staples"": 0.012626262626262626, ""Real Estate"": 0.004208754208754209}",0.12409852891436239,final_comparison,v11_leadership_liquid_norm_universe_cross_sectional_h12_cap9_sector35_hold10,leadership_liquid,True,universe,universe_cross_sectional
defensive_baseline,5.0,Full Sample,reference,,,,,,,,,24,0.06,0.2,0.15,spy_breadth_defensive,SPY,broad,,0.5,0.1,,2018-01-02,2026-04-02,2.48139574393527,0.16331062031314847,-0.2761975873275607,0.20104565807249608,0.8549194866751278,1.0286443089448685,0.5912818496834578,3.9264577108233722,10.428784860557768,20.644165863066537,0.4650970152876429,-0.104101930828427,0.5952100723185209,0.2935292257719968,-0.13965933707208145,0.3070940420390593,0.4650970152876429,0.08173558831413615,0.21071694427501694,-0.104101930828427,0.5952100723185209,0.2935292257719968,0.05560248135398675,0.0613837226539163,0.10694893754007745,0.9143290371493555,3.9264577108233722,0.32379166666666664,,,,{},0.08173558831413615,final_comparison,,IWB_proxy_russell_1000,False,industry_like_sector_zscore,industry_like_sector_zscore
defensive_baseline,5.0,OOS Sample,reference,,,,,,,,,24,0.06,0.2,0.15,spy_breadth_defensive,SPY,broad,,0.5,0.1,,2022-01-03,2026-04-02,1.0512136613648755,0.18446943665750348,-0.2543933164893194,0.21897443101811265,0.8855596641926721,1.1503033015067359,0.7251347606266549,4.530278225806452,12.253548387096775,24.0,0.5689183732169009,0.344424904971884,0.8269146193370334,0.41304556066888753,-0.13965933707208145,0.3070940420390593,0.5689183732169009,0.12298819397107376,0.20104670722850795,0.344424904971884,0.8269146193370334,0.41304556066888753,0.0783308418392201,0.07317116764425295,0.10694893754007676,1.0,3.9264577108233722,0.32379166666666664,,,,{},0.12298819397107376,final_comparison,,IWB_proxy_russell_1000,False,industry_like_sector_zscore,industry_like_sector_zscore
defensive_baseline,5.0,2022,reference,,,,,,,,,24,0.06,0.2,0.15,spy_breadth_defensive,SPY,broad,,0.5,0.1,,2022-01-03,2022-12-30,-0.13965933707208145,-0.14118161178774558,-0.17144434318856616,0.11753290830641766,-1.22574087079287,-1.371223647029373,-0.8234836400082587,3.3304189750692514,12.141274238227146,24.0,0.19677681136055733,0.723841604720848,0.1924677044279502,0.3086798635892795,-0.13965933707208145,0.3070940420390593,0.19677681136055733,-0.07638536941574334,0.2761317325386316,0.723841604720848,0.1924677044279502,0.3086798635892795,,,,,3.9264577108233722,0.32379166666666664,,,,{},-0.07638536941574334,final_comparison,,IWB_proxy_russell_1000,False,industry_like_sector_zscore,industry_like_sector_zscore
defensive_baseline,5.0,2023+,reference,,,,,,,,,24,0.06,0.2,0.15,spy_breadth_defensive,SPY,broad,,0.5,0.1,,2023-01-03,2026-04-02,1.3841877406842245,0.3070940420390593,-0.2543933164893192,0.24141291820070146,1.2344178357685558,1.6712222513704722,1.207162382553996,4.911097046413502,12.329113924050633,24.0,0.8670595683617025,0.16933748763862594,0.967399788901927,0.5947488641524897,-0.13965933707208145,0.3070940420390593,0.8670595683617025,0.06477423430830952,0.171341945180424,0.16933748763862594,0.967399788901927,0.5947488641524897,0.07656624954101575,0.08038520036110766,0.10694893754007673,1.0,3.9264577108233722,0.32379166666666664,,,,{},0.06477423430830952,final_comparison,,IWB_proxy_russell_1000,False,industry_like_sector_zscore,industry_like_sector_zscore
QQQ,5.0,Full Sample,reference,,,,,,,,,1,1.0,1.0,0.0,buy_and_hold,QQQ,n/a,,1.0,1.0,,2018-01-02,2026-04-02,2.894099305035227,0.1792222697488295,-0.3511874144375736,0.23884672263340012,0.8114571948821633,1.0593463960881295,0.5103322681305474,0.0,0.0,1.0,1.0,,1.0,1.0,-0.3257701063817042,0.2820758993992565,1.0,0.0,0.0,,1.0,1.0,3.4384366326517276e-16,2.458970527197124e-16,9.016225266389455e-16,0.9317664897649734,0.0,0.0,0.0,,,{},0.0,final_comparison,,QQQ,False,n/a,n/a
QQQ,5.0,OOS Sample,reference,,,,,,,,,1,1.0,1.0,0.0,buy_and_hold,QQQ,n/a,,1.0,1.0,,2022-01-03,2026-04-02,0.5097960266436365,0.10194831841499385,-0.34827994402729556,0.23373063736549046,0.5333893407056581,0.7611623809519096,0.29271946364790935,0.0,0.0,1.0,0.9999999999999999,,1.0,1.0,-0.3257701063817042,0.2820758993992565,0.9999999999999999,2.487420154935177e-17,0.0,,1.0,1.0,1.7399039403765287e-16,1.6393136847980827e-16,1.6393136847980827e-16,0.9967845659163987,0.0,0.0,0.0,,,{},2.487420154935177e-17,final_comparison,,QQQ,False,n/a,n/a
QQQ,5.0,2022,reference,,,,,,,,,1,1.0,1.0,0.0,buy_and_hold,QQQ,n/a,,1.0,1.0,,2022-01-03,2022-12-30,-0.3257701063817042,-0.3288917373236385,-0.34827994402729556,0.32086103690750306,-1.0719298581229362,-1.7749056684447875,-0.9443315441036779,0.0,0.0,1.0,1.0,,1.0,1.0,-0.3257701063817042,0.2820758993992565,1.0,0.0,0.0,,1.0,1.0,,,,,0.0,0.0,0.0,,,{},0.0,final_comparison,,QQQ,False,n/a,n/a
QQQ,5.0,2023+,reference,,,,,,,,,1,1.0,1.0,0.0,buy_and_hold,QQQ,n/a,,1.0,1.0,,2023-01-03,2026-04-02,1.239289656145656,0.2820758993992565,-0.2276831359305408,0.19848692384281982,1.3552016036125583,1.9271432741777257,1.2388967599484806,0.0,0.0,1.0,1.0,,1.0,1.0,-0.3257701063817042,0.2820758993992565,1.0,0.0,0.0,,1.0,1.0,1.2203779653496837e-16,1.0928757898653885e-16,1.3660947373317356e-16,0.9833333333333333,0.0,0.0,0.0,,,{},0.0,final_comparison,,QQQ,False,n/a,n/a
