experiment_group,strategy,cost_bps_one_way,period,scenario,universe_filter,leadership_only,group_normalization,group_normalization_label,holdings_count,single_name_cap,sector_cap,hold_bonus,regime_name,benchmark_symbol,breadth_mode,soft_defense_exposure,hard_defense_exposure,Start,End,Total Return,CAGR,Max Drawdown,Volatility,Sharpe,Sortino,Calmar,Turnover/Year,Rebalances/Year,Average Names Held,Beta vs QQQ,Information Ratio vs QQQ,Up Capture vs QQQ,Down Capture vs QQQ,2022 Return,2023+ CAGR,beta_vs_qqq,alpha_ann_vs_qqq,tracking_error_vs_qqq,information_ratio_vs_qqq,up_capture_vs_qqq,down_capture_vs_qqq,rolling_36m_alpha_mean,rolling_36m_alpha_median,rolling_36m_alpha_last,rolling_36m_alpha_positive_ratio,annual_turnover,average_monthly_turnover,average_names_replaced_per_rebalance,median_holding_duration_days,top5_continuity,avg_sector_weights_json
final_comparison,previous_offensive_default,0.0,Full Sample,qqq_plus_stock_alpha_v1,leadership_liquid,True,sector,sector,16,0.08,0.3,0.1,qqq_breadth,QQQ,broad,0.6,0.0,2018-01-02,2026-04-02,3.608202663991033,0.20354717066382433,-0.3728767879785573,0.2672417247679089,0.8295049834586475,0.981435608546031,0.5458831904428697,3.57125249003984,10.428784860557768,13.76277724204436,0.7224687675250869,0.1298686950383506,0.7863576101416702,0.44398992229477263,-0.1244364943351901,0.3399248551319709,0.7224687675250869,0.08165386760630845,0.2145587330589291,0.1298686950383506,0.7863576101416702,0.44398992229477263,0.056942922893043396,0.05923280025621901,0.09818935210741515,0.8855193328279,3.57125249003984,0.29450000000000004,4.755102040816326,61.0,0.5882352941176471,"{""Information Technology"": 0.14734848484848484, ""Industrials"": 0.12272727272727273, ""Financials"": 0.09583333333333333, ""Consumer Discretionary"": 0.09583333333333333, ""Health Care"": 0.0938131313131313, ""Materials"": 0.048989898989898986, ""Consumer Staples"": 0.0428030303030303, ""Communication"": 0.0422979797979798, ""Real Estate"": 0.04078282828282828, ""Utilities"": 0.04040404040404041, ""Energy"": 0.033207070707070706}"
final_comparison,previous_offensive_default,0.0,OOS Sample,qqq_plus_stock_alpha_v1,leadership_liquid,True,sector,sector,16,0.08,0.3,0.1,qqq_breadth,QQQ,broad,0.6,0.0,2022-01-03,2026-04-02,1.262463032742955,0.2121473401366376,-0.29918541026204715,0.26279834779912886,0.8666829365306828,1.1650030907323656,0.7090831733767512,3.955893145161291,12.253548387096775,16.0,0.7102500879348812,0.48020038032888507,1.0285627299152542,0.5920053610044367,-0.1244364943351901,0.3399248551319709,0.7102500879348812,0.13921634501497474,0.21468824806909304,0.48020038032888507,1.0285627299152542,0.5920053610044367,0.0956224277610892,0.09929658546354254,0.09818935210741536,1.0,3.57125249003984,0.29450000000000004,4.755102040816326,61.0,0.5882352941176471,"{""Information Technology"": 0.14734848484848484, ""Industrials"": 0.12272727272727273, ""Financials"": 0.09583333333333333, ""Consumer Discretionary"": 0.09583333333333333, ""Health Care"": 0.0938131313131313, ""Materials"": 0.048989898989898986, ""Consumer Staples"": 0.0428030303030303, ""Communication"": 0.0422979797979798, ""Real Estate"": 0.04078282828282828, ""Utilities"": 0.04040404040404041, ""Energy"": 0.033207070707070706}"
final_comparison,previous_offensive_default,0.0,2022,qqq_plus_stock_alpha_v1,leadership_liquid,True,sector,sector,16,0.08,0.3,0.1,qqq_breadth,QQQ,broad,0.6,0.0,2022-01-03,2022-12-30,-0.1244364943351901,-0.12580521284639434,-0.17182148696144184,0.16324886462037996,-0.7351046152661415,-0.9698178923434266,-0.732185566957793,3.6929709141274234,12.141274238227146,16.0,0.3326213286072033,0.9058404104821239,0.46534241573101176,0.3930911721064508,-0.1244364943351901,0.3399248551319709,0.3326213286072033,-0.005603167019127714,0.2472125829325905,0.9058404104821239,0.46534241573101176,0.3930911721064508,,,,,3.57125249003984,0.29450000000000004,4.755102040816326,61.0,0.5882352941176471,"{""Information Technology"": 0.14734848484848484, ""Industrials"": 0.12272727272727273, ""Financials"": 0.09583333333333333, ""Consumer Discretionary"": 0.09583333333333333, ""Health Care"": 0.0938131313131313, ""Materials"": 0.048989898989898986, ""Consumer Staples"": 0.0428030303030303, ""Communication"": 0.0422979797979798, ""Real Estate"": 0.04078282828282828, ""Utilities"": 0.04040404040404041, ""Energy"": 0.033207070707070706}"
final_comparison,previous_offensive_default,0.0,2023+,qqq_plus_stock_alpha_v1,leadership_liquid,True,sector,sector,16,0.08,0.3,0.1,qqq_breadth,QQQ,broad,0.6,0.0,2023-01-03,2026-04-02,1.5840079195912629,0.3399248551319709,-0.2991854102620468,0.28623720813390774,1.169892641741006,1.5955585195583344,1.136167886108623,4.04934335443038,12.329113924050633,16.0,1.013880486133207,0.3236080540517381,1.1532762101838279,0.9383200231745439,-0.1244364943351901,0.3399248551319709,1.013880486133207,0.062143370752214155,0.20357057888692737,0.3236080540517381,1.1532762101838279,0.9383200231745439,0.06978684754356006,0.07357748169482967,0.09818935210741629,1.0,3.57125249003984,0.29450000000000004,4.755102040816326,61.0,0.5882352941176471,"{""Information Technology"": 0.14734848484848484, ""Industrials"": 0.12272727272727273, ""Financials"": 0.09583333333333333, ""Consumer Discretionary"": 0.09583333333333333, ""Health Care"": 0.0938131313131313, ""Materials"": 0.048989898989898986, ""Consumer Staples"": 0.0428030303030303, ""Communication"": 0.0422979797979798, ""Real Estate"": 0.04078282828282828, ""Utilities"": 0.04040404040404041, ""Energy"": 0.033207070707070706}"
final_comparison,previous_offensive_default,5.0,Full Sample,qqq_plus_stock_alpha_v1,leadership_liquid,True,sector,sector,16,0.08,0.3,0.1,qqq_breadth,QQQ,broad,0.6,0.0,2018-01-02,2026-04-02,3.540847744904384,0.201400122193105,-0.37302695578168865,0.26724507860929086,0.8227997770027259,0.9735311016562492,0.5399076905074199,3.57125249003984,10.428784860557768,13.76277724204436,0.7224454759199508,0.12152407267662334,0.7830359923207508,0.4469057770289744,-0.12603304892957856,0.33721003156210183,0.7224454759199508,0.07986923044440271,0.21456910304979113,0.12152407267662334,0.7830359923207508,0.4469057770289744,0.05502248250447018,0.057407238345438955,0.09617880683407294,0.8741470811220622,3.57125249003984,0.29450000000000004,4.755102040816326,61.0,0.5882352941176471,"{""Information Technology"": 0.14734848484848484, ""Industrials"": 0.12272727272727273, ""Financials"": 0.09583333333333333, ""Consumer Discretionary"": 0.09583333333333333, ""Health Care"": 0.0938131313131313, ""Materials"": 0.048989898989898986, ""Consumer Staples"": 0.0428030303030303, ""Communication"": 0.0422979797979798, ""Real Estate"": 0.04078282828282828, ""Utilities"": 0.04040404040404041, ""Energy"": 0.033207070707070706}"
final_comparison,previous_offensive_default,5.0,OOS Sample,qqq_plus_stock_alpha_v1,leadership_liquid,True,sector,sector,16,0.08,0.3,0.1,qqq_breadth,QQQ,broad,0.6,0.0,2022-01-03,2026-04-02,1.2435263170833468,0.20974888847886253,-0.2995329938075524,0.2628133607208378,0.85908334174659,1.1548569200123198,0.7002530366108001,3.955893145161291,12.253548387096775,16.0,0.710224954397275,0.4709035102621802,1.0250100123047943,0.5953789597915741,-0.12603304892957856,0.33721003156210183,0.710224954397275,0.1372352147974206,0.21471301990587321,0.4709035102621802,1.0250100123047943,0.5953789597915741,0.09373670126190216,0.09737556410395153,0.0961788068340732,1.0,3.57125249003984,0.29450000000000004,4.755102040816326,61.0,0.5882352941176471,"{""Information Technology"": 0.14734848484848484, ""Industrials"": 0.12272727272727273, ""Financials"": 0.09583333333333333, ""Consumer Discretionary"": 0.09583333333333333, ""Health Care"": 0.0938131313131313, ""Materials"": 0.048989898989898986, ""Consumer Staples"": 0.0428030303030303, ""Communication"": 0.0422979797979798, ""Real Estate"": 0.04078282828282828, ""Utilities"": 0.04040404040404041, ""Energy"": 0.033207070707070706}"
final_comparison,previous_offensive_default,5.0,2022,qqq_plus_stock_alpha_v1,leadership_liquid,True,sector,sector,16,0.08,0.3,0.1,qqq_breadth,QQQ,broad,0.6,0.0,2022-01-03,2022-12-30,-0.12603304892957856,-0.12741802093620191,-0.1724996894671298,0.16324381982197586,-0.7463514690393916,-0.9854407175772265,-0.7386565235555494,3.6929709141274234,12.141274238227146,16.0,0.3325267494448035,0.8982976804742948,0.4634625245991294,0.3951725994021438,-0.12603304892957856,0.33721003156210183,0.3325267494448035,-0.007467967505953544,0.24724863651701787,0.8982976804742948,0.4634625245991294,0.3951725994021438,,,,,3.57125249003984,0.29450000000000004,4.755102040816326,61.0,0.5882352941176471,"{""Information Technology"": 0.14734848484848484, ""Industrials"": 0.12272727272727273, ""Financials"": 0.09583333333333333, ""Consumer Discretionary"": 0.09583333333333333, ""Health Care"": 0.0938131313131313, ""Materials"": 0.048989898989898986, ""Consumer Staples"": 0.0428030303030303, ""Communication"": 0.0422979797979798, ""Real Estate"": 0.04078282828282828, ""Utilities"": 0.04040404040404041, ""Energy"": 0.033207070707070706}"
final_comparison,previous_offensive_default,5.0,2023+,qqq_plus_stock_alpha_v1,leadership_liquid,True,sector,sector,16,0.08,0.3,0.1,qqq_breadth,QQQ,broad,0.6,0.0,2023-01-03,2026-04-02,1.5670608188736534,0.33721003156210183,-0.2995329938075525,0.2862564177916299,1.1627188397606212,1.5857128342904407,1.1257859352173956,4.04934335443038,12.329113924050633,16.0,1.0139139081909632,0.31359916373229385,1.149353079776146,0.9439433253941242,-0.12603304892957856,0.33721003156210183,1.0139139081909632,0.06010330694246767,0.2035911209592863,0.31359916373229385,1.149353079776146,0.9439433253941242,0.06784712380443976,0.07159401276549926,0.09617880683407413,1.0,3.57125249003984,0.29450000000000004,4.755102040816326,61.0,0.5882352941176471,"{""Information Technology"": 0.14734848484848484, ""Industrials"": 0.12272727272727273, ""Financials"": 0.09583333333333333, ""Consumer Discretionary"": 0.09583333333333333, ""Health Care"": 0.0938131313131313, ""Materials"": 0.048989898989898986, ""Consumer Staples"": 0.0428030303030303, ""Communication"": 0.0422979797979798, ""Real Estate"": 0.04078282828282828, ""Utilities"": 0.04040404040404041, ""Energy"": 0.033207070707070706}"
final_comparison,default_frozen_spec,0.0,Full Sample,v11_liquid_50m_norm_universe_cross_sectional_h12_cap8_sector30_hold10,liquid_50m,False,universe,universe_cross_sectional,12,0.08,0.3,0.1,qqq_breadth,QQQ,broad,0.6,0.0,2018-01-02,2026-04-02,5.04373173920548,0.24378388574639698,-0.3235799419986797,0.28526152647898456,0.9098551224514431,1.0945329127057937,0.7533961599739446,3.4402863545816738,9.82246015936255,9.465766634522662,0.68015371577219,0.26653909497418743,0.8066245883572689,0.30104733276008794,-0.013910946960355441,0.4677035721380778,0.68015371577219,0.12772343058312424,0.24661590938458042,0.26653909497418743,0.8066245883572689,0.30104733276008794,0.10182485205745101,0.10110835013931299,0.16660212824515688,0.9537528430629265,3.4402863545816738,0.28369999999999995,3.2857142857142856,61.0,0.5897435897435896,"{""Information Technology"": 0.16858585858585856, ""Consumer Discretionary"": 0.1291919191919192, ""Health Care"": 0.09242424242424241, ""Industrials"": 0.06858585858585858, ""Communication"": 0.06474747474747476, ""Financials"": 0.05646464646464646, ""Materials"": 0.0494949494949495, ""Energy"": 0.03414141414141414, ""Utilities"": 0.02101010101010101, ""Consumer Staples"": 0.011919191919191921, ""Real Estate"": 0.00404040404040404}"
final_comparison,default_frozen_spec,0.0,OOS Sample,v11_liquid_50m_norm_universe_cross_sectional_h12_cap8_sector30_hold10,liquid_50m,False,universe,universe_cross_sectional,12,0.08,0.3,0.1,qqq_breadth,QQQ,broad,0.6,0.0,2022-01-03,2026-04-02,2.4241265156225213,0.33648495585783333,-0.3235799419986797,0.2990077864716931,1.1234625645574188,1.4857828333527416,1.0398819957116079,3.7066983870967745,11.075322580645162,10.570356472795497,0.7448225237790773,0.8439634287434008,1.203880330903692,0.3961854949622712,-0.013910946960355441,0.4677035721380778,0.7448225237790773,0.24306742874648618,0.25031249223159807,0.8439634287434008,1.203880330903692,0.3961854949622712,0.16795216126720344,0.16825988312290752,0.16660212824515716,1.0,3.4402863545816738,0.28369999999999995,3.2857142857142856,61.0,0.5897435897435896,"{""Information Technology"": 0.16858585858585856, ""Consumer Discretionary"": 0.1291919191919192, ""Health Care"": 0.09242424242424241, ""Industrials"": 0.06858585858585858, ""Communication"": 0.06474747474747476, ""Financials"": 0.05646464646464646, ""Materials"": 0.0494949494949495, ""Energy"": 0.03414141414141414, ""Utilities"": 0.02101010101010101, ""Consumer Staples"": 0.011919191919191921, ""Real Estate"": 0.00404040404040404}"
final_comparison,default_frozen_spec,0.0,2022,v11_liquid_50m_norm_universe_cross_sectional_h12_cap8_sector30_hold10,liquid_50m,False,universe,universe_cross_sectional,12,0.08,0.3,0.1,qqq_breadth,QQQ,broad,0.6,0.0,2022-01-03,2022-12-30,-0.013910946960355441,-0.014073560659338846,-0.16355701046128335,0.15759350625442667,-0.010459882275372874,-0.011985569790295612,-0.08604682012496365,2.8936703601108036,7.0824099722991685,5.9282868525896415,0.2086706178210406,1.175285798984538,0.22977657382183383,0.10739927972737544,-0.013910946960355441,0.4677035721380778,0.2086706178210406,0.07012179228065828,0.29124127271201833,1.175285798984538,0.22977657382183383,0.10739927972737544,,,,,3.4402863545816738,0.28369999999999995,3.2857142857142856,61.0,0.5897435897435896,"{""Information Technology"": 0.16858585858585856, ""Consumer Discretionary"": 0.1291919191919192, ""Health Care"": 0.09242424242424241, ""Industrials"": 0.06858585858585858, ""Communication"": 0.06474747474747476, ""Financials"": 0.05646464646464646, ""Materials"": 0.0494949494949495, ""Energy"": 0.03414141414141414, ""Utilities"": 0.02101010101010101, ""Consumer Staples"": 0.011919191919191921, ""Real Estate"": 0.00404040404040404}"
final_comparison,default_frozen_spec,0.0,2023+,v11_liquid_50m_norm_universe_cross_sectional_h12_cap8_sector30_hold10,liquid_50m,False,universe,universe_cross_sectional,12,0.08,0.3,0.1,qqq_breadth,QQQ,broad,0.6,0.0,2023-01-03,2026-04-02,2.472431323588437,0.4677035721380778,-0.3235799419986798,0.3303172050131003,1.3317141308500173,1.863473896064528,1.4454034735564234,3.9668924050632914,12.329113924050633,12.0,1.1765337313892839,0.7234537531289856,1.41957544457218,0.8989696408421203,-0.013910946960355441,0.4677035721380778,1.1765337313892839,0.12341260508091047,0.23622569396746929,0.7234537531289856,1.41957544457218,0.8989696408421203,0.14205273921389322,0.14262533477695313,0.16660212824515824,1.0,3.4402863545816738,0.28369999999999995,3.2857142857142856,61.0,0.5897435897435896,"{""Information Technology"": 0.16858585858585856, ""Consumer Discretionary"": 0.1291919191919192, ""Health Care"": 0.09242424242424241, ""Industrials"": 0.06858585858585858, ""Communication"": 0.06474747474747476, ""Financials"": 0.05646464646464646, ""Materials"": 0.0494949494949495, ""Energy"": 0.03414141414141414, ""Utilities"": 0.02101010101010101, ""Consumer Staples"": 0.011919191919191921, ""Real Estate"": 0.00404040404040404}"
final_comparison,default_frozen_spec,5.0,Full Sample,v11_liquid_50m_norm_universe_cross_sectional_h12_cap8_sector30_hold10,liquid_50m,False,universe,universe_cross_sectional,12,0.08,0.3,0.1,qqq_breadth,QQQ,broad,0.6,0.0,2018-01-02,2026-04-02,4.958779781250848,0.2416506149571933,-0.3237786750219297,0.2852530615979183,0.9038399819654638,1.0872431256196995,0.7463450609921305,3.4402863545816738,9.82246015936255,9.465766634522662,0.680132606009888,0.25955550200999655,0.8033469054684741,0.3037603871032996,-0.015312392803116026,0.46479200166957213,0.680132606009888,0.12600398289309162,0.24661100128083882,0.25955550200999655,0.8033469054684741,0.3037603871032996,0.09996091898729645,0.09919083397527892,0.16463740854745343,0.9529946929492039,3.4402863545816738,0.28369999999999995,3.2857142857142856,61.0,0.5897435897435896,"{""Information Technology"": 0.16858585858585856, ""Consumer Discretionary"": 0.1291919191919192, ""Health Care"": 0.09242424242424241, ""Industrials"": 0.06858585858585858, ""Communication"": 0.06474747474747476, ""Financials"": 0.05646464646464646, ""Materials"": 0.0494949494949495, ""Energy"": 0.03414141414141414, ""Utilities"": 0.02101010101010101, ""Consumer Staples"": 0.011919191919191921, ""Real Estate"": 0.00404040404040404}"
final_comparison,default_frozen_spec,5.0,OOS Sample,v11_liquid_50m_norm_universe_cross_sectional_h12_cap8_sector30_hold10,liquid_50m,False,universe,universe_cross_sectional,12,0.08,0.3,0.1,qqq_breadth,QQQ,broad,0.6,0.0,2022-01-03,2026-04-02,2.3973026290745523,0.3340103912486361,-0.3237786750219295,0.29901336327568034,1.117223600509941,1.4774266208748699,1.0316009577406962,3.7066983870967745,11.075322580645162,10.570356472795497,0.7447972128382271,0.8364949185011566,1.2004465692291044,0.399329891990792,-0.015312392803116026,0.46479200166957213,0.7447972128382271,0.24121131595526807,0.2503246777441277,0.8364949185011566,1.2004465692291044,0.399329891990792,0.1661333948594023,0.1664666841187142,0.1646374085474537,1.0,3.4402863545816738,0.28369999999999995,3.2857142857142856,61.0,0.5897435897435896,"{""Information Technology"": 0.16858585858585856, ""Consumer Discretionary"": 0.1291919191919192, ""Health Care"": 0.09242424242424241, ""Industrials"": 0.06858585858585858, ""Communication"": 0.06474747474747476, ""Financials"": 0.05646464646464646, ""Materials"": 0.0494949494949495, ""Energy"": 0.03414141414141414, ""Utilities"": 0.02101010101010101, ""Consumer Staples"": 0.011919191919191921, ""Real Estate"": 0.00404040404040404}"
final_comparison,default_frozen_spec,5.0,2022,v11_liquid_50m_norm_universe_cross_sectional_h12_cap8_sector30_hold10,liquid_50m,False,universe,universe_cross_sectional,12,0.08,0.3,0.1,qqq_breadth,QQQ,broad,0.6,0.0,2022-01-03,2022-12-30,-0.015312392803116026,-0.015491259822233205,-0.16355701046128357,0.15754305309699587,-0.019576278822279154,-0.02227001164696958,-0.09471474061883897,2.8936703601108036,7.0824099722991685,5.9282868525896415,0.20861774033233954,1.170390797584924,0.22804620052839725,0.10897251669440962,-0.015312392803116026,0.46479200166957213,0.20861774033233954,0.0686679083785612,0.29123266808728493,1.170390797584924,0.22804620052839725,0.10897251669440962,,,,,3.4402863545816738,0.28369999999999995,3.2857142857142856,61.0,0.5897435897435896,"{""Information Technology"": 0.16858585858585856, ""Consumer Discretionary"": 0.1291919191919192, ""Health Care"": 0.09242424242424241, ""Industrials"": 0.06858585858585858, ""Communication"": 0.06474747474747476, ""Financials"": 0.05646464646464646, ""Materials"": 0.0494949494949495, ""Energy"": 0.03414141414141414, ""Utilities"": 0.02101010101010101, ""Consumer Staples"": 0.011919191919191921, ""Real Estate"": 0.00404040404040404}"
final_comparison,default_frozen_spec,5.0,2023+,v11_liquid_50m_norm_universe_cross_sectional_h12_cap8_sector30_hold10,liquid_50m,False,universe,universe_cross_sectional,12,0.08,0.3,0.1,qqq_breadth,QQQ,broad,0.6,0.0,2023-01-03,2026-04-02,2.4501324117865915,0.46479200166957213,-0.3237786750219295,0.3303319113044961,1.3256314537040514,1.8549971219723533,1.435523823914876,3.9668924050632914,12.329113924050633,12.0,1.176538433977541,0.7149709356914971,1.4157645027996586,0.9048494674994846,-0.015312392803116026,0.46479200166957213,1.176538433977541,0.12142162234157876,0.23624547329534554,0.7149709356914971,1.4157645027996586,0.9048494674994846,0.1401495226546826,0.14070038350740227,0.164637408547455,1.0,3.4402863545816738,0.28369999999999995,3.2857142857142856,61.0,0.5897435897435896,"{""Information Technology"": 0.16858585858585856, ""Consumer Discretionary"": 0.1291919191919192, ""Health Care"": 0.09242424242424241, ""Industrials"": 0.06858585858585858, ""Communication"": 0.06474747474747476, ""Financials"": 0.05646464646464646, ""Materials"": 0.0494949494949495, ""Energy"": 0.03414141414141414, ""Utilities"": 0.02101010101010101, ""Consumer Staples"": 0.011919191919191921, ""Real Estate"": 0.00404040404040404}"
final_comparison,aggressive_alt_spec,0.0,Full Sample,v11_leadership_liquid_norm_universe_cross_sectional_h12_cap9_sector35_hold10,leadership_liquid,True,universe,universe_cross_sectional,12,0.09,0.35,0.1,qqq_breadth,QQQ,broad,0.6,0.0,2018-01-02,2026-04-02,6.202123877371508,0.2705153219242542,-0.4079876801425707,0.315373543661988,0.9197099147663343,1.1312736873388658,0.6630477710251521,3.5328519256308097,10.428784860557768,10.322082931533268,0.8286092851931682,0.3866032449868936,0.9398870778181849,0.40823650911327297,-0.022933307842714634,0.47808432075925467,0.8286092851931682,0.1294561945497028,0.2489329730084562,0.3866032449868936,0.9398870778181849,0.40823650911327297,0.09117204713349882,0.0840334130723704,0.16859326751364787,0.9234268385140257,3.5328519256308097,0.2913333333333333,3.4489795918367347,61.0,0.6235294117647059,"{""Information Technology"": 0.21430976430976434, ""Consumer Discretionary"": 0.13434343434343435, ""Health Care"": 0.10707070707070708, ""Industrials"": 0.07457912457912458, ""Communication"": 0.0632996632996633, ""Financials"": 0.06043771043771043, ""Energy"": 0.05892255892255893, ""Materials"": 0.05521885521885522, ""Utilities"": 0.019023569023569022, ""Consumer Staples"": 0.012626262626262626, ""Real Estate"": 0.004208754208754209}"
final_comparison,aggressive_alt_spec,0.0,OOS Sample,v11_leadership_liquid_norm_universe_cross_sectional_h12_cap9_sector35_hold10,leadership_liquid,True,universe,universe_cross_sectional,12,0.09,0.35,0.1,qqq_breadth,QQQ,broad,0.6,0.0,2022-01-03,2026-04-02,2.4712698882927118,0.34079836506540406,-0.3401769871282664,0.3151829903943289,1.092021393525367,1.5246113035386382,1.0018266313144322,3.844943548387097,12.253548387096775,12.0,0.8348763752148067,0.8763055183927224,1.3086323518583869,0.5092770100080566,-0.022933307842714634,0.47808432075925467,0.8348763752148067,0.24010297700357047,0.2505029334717588,0.8763055183927224,1.3086323518583869,0.5092770100080566,0.13667140765768035,0.13744237594985492,0.16859326751364817,1.0,3.5328519256308097,0.2913333333333333,3.4489795918367347,61.0,0.6235294117647059,"{""Information Technology"": 0.21430976430976434, ""Consumer Discretionary"": 0.13434343434343435, ""Health Care"": 0.10707070707070708, ""Industrials"": 0.07457912457912458, ""Communication"": 0.0632996632996633, ""Financials"": 0.06043771043771043, ""Energy"": 0.05892255892255893, ""Materials"": 0.05521885521885522, ""Utilities"": 0.019023569023569022, ""Consumer Staples"": 0.012626262626262626, ""Real Estate"": 0.004208754208754209}"
final_comparison,aggressive_alt_spec,0.0,2022,v11_leadership_liquid_norm_universe_cross_sectional_h12_cap9_sector35_hold10,leadership_liquid,True,universe,universe_cross_sectional,12,0.09,0.35,0.1,qqq_breadth,QQQ,broad,0.6,0.0,2022-01-03,2022-12-30,-0.022933307842714634,-0.023200142037817506,-0.15912984560159604,0.22090278072860353,0.0054983942422617916,0.007844480833340354,-0.14579378211616145,2.7823753462603875,12.141274238227146,12.0,0.37851984507573966,1.270435469935437,0.8311120786927835,0.352776521618729,-0.022933307842714634,0.47808432075925467,0.37851984507573966,0.1314027796230581,0.27168223822859827,1.270435469935437,0.8311120786927835,0.352776521618729,,,,,3.5328519256308097,0.2913333333333333,3.4489795918367347,61.0,0.6235294117647059,"{""Information Technology"": 0.21430976430976434, ""Consumer Discretionary"": 0.13434343434343435, ""Health Care"": 0.10707070707070708, ""Industrials"": 0.07457912457912458, ""Communication"": 0.0632996632996633, ""Financials"": 0.06043771043771043, ""Energy"": 0.05892255892255893, ""Materials"": 0.05521885521885522, ""Utilities"": 0.019023569023569022, ""Consumer Staples"": 0.012626262626262626, ""Real Estate"": 0.004208754208754209}"
final_comparison,aggressive_alt_spec,0.0,2023+,v11_leadership_liquid_norm_universe_cross_sectional_h12_cap9_sector35_hold10,leadership_liquid,True,universe,universe_cross_sectional,12,0.09,0.35,0.1,qqq_breadth,QQQ,broad,0.6,0.0,2023-01-03,2026-04-02,2.5527461084856062,0.47808432075925467,-0.3401769871282666,0.3387005561881389,1.3280566172180337,1.8612173765027051,1.405398774312117,4.18162447257384,12.329113924050633,12.0,1.2030682284684404,0.7424264461854106,1.414369331980523,0.78174834081796,-0.022933307842714634,0.47808432075925467,1.2030682284684404,0.12620052333899076,0.24355785160617088,0.7424264461854106,1.414369331980523,0.78174834081796,0.12591133659306425,0.1332975518915957,0.16859326751364928,1.0,3.5328519256308097,0.2913333333333333,3.4489795918367347,61.0,0.6235294117647059,"{""Information Technology"": 0.21430976430976434, ""Consumer Discretionary"": 0.13434343434343435, ""Health Care"": 0.10707070707070708, ""Industrials"": 0.07457912457912458, ""Communication"": 0.0632996632996633, ""Financials"": 0.06043771043771043, ""Energy"": 0.05892255892255893, ""Materials"": 0.05521885521885522, ""Utilities"": 0.019023569023569022, ""Consumer Staples"": 0.012626262626262626, ""Real Estate"": 0.004208754208754209}"
final_comparison,aggressive_alt_spec,5.0,Full Sample,v11_leadership_liquid_norm_universe_cross_sectional_h12_cap9_sector35_hold10,leadership_liquid,True,universe,universe_cross_sectional,12,0.09,0.35,0.1,qqq_breadth,QQQ,broad,0.6,0.0,2018-01-02,2026-04-02,6.09816573134462,0.26827720022116486,-0.40875068693250227,0.3153671719476812,0.9141162663486204,1.1244027562297374,0.6563345550180468,3.5328519256308097,10.428784860557768,10.322082931533268,0.828585573363817,0.3794972678941664,0.9364444522240166,0.41091217676676,-0.024269527565687454,0.47499868834075887,0.828585573363817,0.12769087702016074,0.2489303347618909,0.3794972678941664,0.9364444522240166,0.41091217676676,0.08929378113430118,0.08199436501788054,0.16654229449683122,0.9226686884003032,3.5328519256308097,0.2913333333333333,3.4489795918367347,61.0,0.6235294117647059,"{""Information Technology"": 0.21430976430976434, ""Consumer Discretionary"": 0.13434343434343435, ""Health Care"": 0.10707070707070708, ""Industrials"": 0.07457912457912458, ""Communication"": 0.0632996632996633, ""Financials"": 0.06043771043771043, ""Energy"": 0.05892255892255893, ""Materials"": 0.05521885521885522, ""Utilities"": 0.019023569023569022, ""Consumer Staples"": 0.012626262626262626, ""Real Estate"": 0.004208754208754209}"
final_comparison,aggressive_alt_spec,5.0,OOS Sample,v11_leadership_liquid_norm_universe_cross_sectional_h12_cap9_sector35_hold10,leadership_liquid,True,universe,universe_cross_sectional,12,0.09,0.35,0.1,qqq_breadth,QQQ,broad,0.6,0.0,2022-01-03,2026-04-02,2.4430992657043165,0.3382263033129467,-0.34045794622990344,0.3151815247357876,1.0859074212568376,1.5161360085041025,0.993445173062726,3.844943548387097,12.253548387096775,12.0,0.8348493203796685,0.8685924962539002,1.3049852128404669,0.5123845328559922,-0.024269527565687454,0.47499868834075887,0.8348493203796685,0.23817773828313385,0.2505069895043087,0.8685924962539002,1.3049852128404669,0.5123845328559922,0.1347950119176551,0.13548890107725847,0.16654229449683153,1.0,3.5328519256308097,0.2913333333333333,3.4489795918367347,61.0,0.6235294117647059,"{""Information Technology"": 0.21430976430976434, ""Consumer Discretionary"": 0.13434343434343435, ""Health Care"": 0.10707070707070708, ""Industrials"": 0.07457912457912458, ""Communication"": 0.0632996632996633, ""Financials"": 0.06043771043771043, ""Energy"": 0.05892255892255893, ""Materials"": 0.05521885521885522, ""Utilities"": 0.019023569023569022, ""Consumer Staples"": 0.012626262626262626, ""Real Estate"": 0.004208754208754209}"
final_comparison,aggressive_alt_spec,5.0,2022,v11_leadership_liquid_norm_universe_cross_sectional_h12_cap9_sector35_hold10,leadership_liquid,True,universe,universe_cross_sectional,12,0.09,0.35,0.1,qqq_breadth,QQQ,broad,0.6,0.0,2022-01-03,2022-12-30,-0.024269527565687454,-0.02455171278002377,-0.15912984560159582,0.22087267064204394,-0.0007509643882581444,-0.0010714575919058816,-0.15428729090514215,2.7823753462603875,12.141274238227146,12.0,0.3784507077192514,1.2653462432843012,0.8294370303920522,0.35427151186309463,-0.024269527565687454,0.47499868834075887,0.3784507077192514,0.1299985224232407,0.27168395665135825,1.2653462432843012,0.8294370303920522,0.35427151186309463,,,,,3.5328519256308097,0.2913333333333333,3.4489795918367347,61.0,0.6235294117647059,"{""Information Technology"": 0.21430976430976434, ""Consumer Discretionary"": 0.13434343434343435, ""Health Care"": 0.10707070707070708, ""Industrials"": 0.07457912457912458, ""Communication"": 0.0632996632996633, ""Financials"": 0.06043771043771043, ""Energy"": 0.05892255892255893, ""Materials"": 0.05521885521885522, ""Utilities"": 0.019023569023569022, ""Consumer Staples"": 0.012626262626262626, ""Real Estate"": 0.004208754208754209}"
final_comparison,aggressive_alt_spec,5.0,2023+,v11_leadership_liquid_norm_universe_cross_sectional_h12_cap9_sector35_hold10,leadership_liquid,True,universe,universe_cross_sectional,12,0.09,0.35,0.1,qqq_breadth,QQQ,broad,0.6,0.0,2023-01-03,2026-04-02,2.528740121351604,0.47499868834075887,-0.3404579462299032,0.33870570636478015,1.3218439582651151,1.8526330083474223,1.3951758024763607,4.18162447257384,12.329113924050633,12.0,1.2030852224046247,0.733801547896373,1.410285514294323,0.7876633239427995,-0.024269527565687454,0.47499868834075887,1.2030852224046247,0.12409852883189167,0.24356226476763881,0.733801547896373,1.410285514294323,0.7876633239427995,0.1239143513217766,0.1312848431963202,0.16654229449683275,1.0,3.5328519256308097,0.2913333333333333,3.4489795918367347,61.0,0.6235294117647059,"{""Information Technology"": 0.21430976430976434, ""Consumer Discretionary"": 0.13434343434343435, ""Health Care"": 0.10707070707070708, ""Industrials"": 0.07457912457912458, ""Communication"": 0.0632996632996633, ""Financials"": 0.06043771043771043, ""Energy"": 0.05892255892255893, ""Materials"": 0.05521885521885522, ""Utilities"": 0.019023569023569022, ""Consumer Staples"": 0.012626262626262626, ""Real Estate"": 0.004208754208754209}"
final_comparison,defensive_baseline,0.0,Full Sample,,IWB_proxy_russell_1000,False,industry_like_sector_zscore,industry_like_sector_zscore,24,0.06,0.2,0.15,spy_breadth_defensive,SPY,broad,0.5,0.1,2018-01-02,2026-04-02,2.538178055078061,0.16559516064907287,-0.2730484175464801,0.201047263416303,0.8646969497235207,1.0403792239790637,0.6064681206983525,3.9264577108233722,10.428784860557768,20.644165863066537,0.46519403397470116,-0.09477770673025981,0.5987938135243703,0.2902658604451064,-0.13824001776887718,0.3103099651215735,0.46519403397470116,0.08368389483648302,0.21069220889795975,-0.09477770673025981,0.5987938135243703,0.2902658604451064,0.057673913895471246,0.06338813126737328,0.10933536161969648,0.9203942380591357,3.9264577108233722,0.32379166666666653,,,,{}
final_comparison,defensive_baseline,0.0,OOS Sample,,IWB_proxy_russell_1000,False,industry_like_sector_zscore,industry_like_sector_zscore,24,0.06,0.2,0.15,spy_breadth_defensive,SPY,broad,0.5,0.1,2022-01-03,2026-04-02,1.071043284702037,0.18715779728000648,-0.25408275519467394,0.21895931198687688,0.895998873842317,1.1636566229106875,0.7366017309463183,4.530278225806452,12.253548387096775,24.0,0.5689733118815895,0.35578300589721534,0.8310307219113183,0.4092760231754166,-0.13824001776887718,0.3103099651215735,0.5689733118815895,0.1252536983321034,0.2010153109087827,0.35578300589721534,0.8310307219113183,0.4092760231754166,0.0805418280777839,0.07527559483993654,0.10933536161969667,1.0,3.9264577108233722,0.32379166666666653,,,,{}
final_comparison,defensive_baseline,0.0,2022,,IWB_proxy_russell_1000,False,industry_like_sector_zscore,industry_like_sector_zscore,24,0.06,0.2,0.15,spy_breadth_defensive,SPY,broad,0.5,0.1,2022-01-03,2022-12-30,-0.13824001776887718,-0.13974811002293708,-0.17144434318856605,0.11751977166385677,-1.211817355665259,-1.3557589284939886,-0.8151223156382167,3.3304189750692514,12.141274238227146,24.0,0.1968545582502936,0.7299157151669845,0.1938551786941065,0.30669321002426575,-0.13824001776887718,0.3103099651215735,0.1968545582502936,-0.07470631433241989,0.27609714148601233,0.7299157151669845,0.1938551786941065,0.30669321002426575,,,,,3.9264577108233722,0.32379166666666653,,,,{}
final_comparison,defensive_baseline,0.0,2023+,,IWB_proxy_russell_1000,False,industry_like_sector_zscore,industry_like_sector_zscore,24,0.06,0.2,0.15,spy_breadth_defensive,SPY,broad,0.5,0.1,2023-01-03,2026-04-02,1.403271592329042,0.3103099651215735,-0.25408275519467394,0.24139556176087082,1.2447110572520121,1.6850627853586875,1.2212948686101077,4.911097046413501,12.329113924050633,24.0,0.8670848272461176,0.18374695563276253,0.9721200568223506,0.5878753100222673,-0.13824001776887718,0.3103099651215735,0.8670848272461176,0.06723081592928512,0.17131168293022417,0.18374695563276253,0.9721200568223506,0.5878753100222673,0.0788784509628732,0.08266611092547863,0.1093353616196975,1.0,3.9264577108233722,0.32379166666666653,,,,{}
final_comparison,defensive_baseline,5.0,Full Sample,,IWB_proxy_russell_1000,False,industry_like_sector_zscore,industry_like_sector_zscore,24,0.06,0.2,0.15,spy_breadth_defensive,SPY,broad,0.5,0.1,2018-01-02,2026-04-02,2.48139574393527,0.16331062031314847,-0.2761975873275607,0.20104565807249608,0.8549194866751278,1.0286443089448685,0.5912818496834578,3.9264577108233722,10.428784860557768,20.644165863066537,0.4650971394129207,-0.10410189148245973,0.5952102340510436,0.2935293537826062,-0.13965933707208145,0.3070940420390593,0.4650971394129207,0.08173556971869761,0.21071691111120908,-0.10410189148245973,0.5952102340510436,0.2935293537826062,0.055602419801362865,0.06138367772357121,0.10694880553831143,0.9143290371493555,3.9264577108233722,0.32379166666666653,,,,{}
final_comparison,defensive_baseline,5.0,OOS Sample,,IWB_proxy_russell_1000,False,industry_like_sector_zscore,industry_like_sector_zscore,24,0.06,0.2,0.15,spy_breadth_defensive,SPY,broad,0.5,0.1,2022-01-03,2026-04-02,1.0512136613648755,0.18446943665750348,-0.2543933164893194,0.21897443101811265,0.8855596641926721,1.1503033015067359,0.7251347606266549,4.530278225806452,12.253548387096775,24.0,0.5689186019275582,0.34442483614327235,0.8269150562915084,0.41304589507671713,-0.13965933707208145,0.3070940420390593,0.5689186019275582,0.12298814563447615,0.20104664623934565,0.34442483614327235,0.8269150562915084,0.41304589507671713,0.07833078402307643,0.07317113608078851,0.10694880553831161,1.0,3.9264577108233722,0.32379166666666653,,,,{}
final_comparison,defensive_baseline,5.0,2022,,IWB_proxy_russell_1000,False,industry_like_sector_zscore,industry_like_sector_zscore,24,0.06,0.2,0.15,spy_breadth_defensive,SPY,broad,0.5,0.1,2022-01-03,2022-12-30,-0.13965933707208145,-0.14118161178774558,-0.17144434318856616,0.11753290830641766,-1.22574087079287,-1.371223647029373,-0.8234836400082587,3.3304189750692514,12.141274238227146,24.0,0.1967768367332438,0.7238402661432135,0.19246784304655362,0.3086800951374617,-0.13965933707208145,0.3070940420390593,0.1967768367332438,-0.07638543632023233,0.2761317121939857,0.7238402661432135,0.19246784304655362,0.3086800951374617,,,,,3.9264577108233722,0.32379166666666653,,,,{}
final_comparison,defensive_baseline,5.0,2023+,,IWB_proxy_russell_1000,False,industry_like_sector_zscore,industry_like_sector_zscore,24,0.06,0.2,0.15,spy_breadth_defensive,SPY,broad,0.5,0.1,2023-01-03,2026-04-02,1.3841877406842245,0.3070940420390593,-0.2543933164893192,0.24141291820070146,1.2344178357685558,1.6712222513704722,1.207162382553996,4.911097046413501,12.329113924050633,24.0,0.867059937521871,0.16933799459973709,0.967400259004905,0.5947494072711766,-0.13965933707208145,0.3070940420390593,0.867059937521871,0.06477419812592226,0.17134186210188698,0.16933799459973709,0.967400259004905,0.5947494072711766,0.07656616530732181,0.08038510143060026,0.10694880553831246,1.0,3.9264577108233722,0.32379166666666653,,,,{}
final_comparison,QQQ,0.0,Full Sample,,QQQ,False,n/a,n/a,1,1.0,1.0,0.0,buy_and_hold,QQQ,n/a,1.0,1.0,2018-01-02,2026-04-02,2.8940989094927816,0.1792222552238001,-0.35118723599276813,0.2388467282049047,0.8114571267869678,1.0593469416462555,0.510332486080134,0.0,0.0,1.0,1.0000000000000002,,1.0,1.0,-0.3257698426438349,0.2820758070709475,1.0000000000000002,-3.812130507824736e-17,0.0,,1.0,1.0,-3.9565997843477607e-16,-3.0054084221298183e-16,-1.1201976846120232e-15,0.012130401819560273,0.0,0.0,0.0,,,{}
final_comparison,QQQ,0.0,OOS Sample,,QQQ,False,n/a,n/a,1,1.0,1.0,0.0,buy_and_hold,QQQ,n/a,1.0,1.0,2022-01-03,2026-04-02,0.509796264478577,0.10194835932006052,-0.3482798151717964,0.23373063013952572,0.533389506273177,0.7611634213814743,0.2927196893962182,0.0,0.0,1.0,1.0,,1.0,1.0,-0.3257698426438349,0.2820758070709475,1.0,0.0,0.0,,1.0,1.0,-6.592395439831089e-16,-7.103692634125025e-16,-9.56266316132215e-16,0.0,0.0,0.0,0.0,,,{}
final_comparison,QQQ,0.0,2022,,QQQ,False,n/a,n/a,1,1.0,1.0,0.0,buy_and_hold,QQQ,n/a,1.0,1.0,2022-01-03,2022-12-30,-0.3257698426438349,-0.3288914717162824,-0.3482798151717964,0.32086102146109985,-1.071928711855394,-1.7749071078768446,-0.9443311308582432,0.0,0.0,1.0,1.0,,1.0,1.0,-0.3257698426438349,0.2820758070709475,1.0,0.0,0.0,,1.0,1.0,,,,,0.0,0.0,0.0,,,{}
final_comparison,QQQ,0.0,2023+,,QQQ,False,n/a,n/a,1,1.0,1.0,0.0,buy_and_hold,QQQ,n/a,1.0,1.0,2023-01-03,2026-04-02,1.2392891329555642,0.2820758070709475,-0.22768310492842736,0.19848692172228272,1.3552012513395006,1.9271438034821815,1.2388965231285765,0.0,0.0,1.0,1.0,,1.0,1.0,-0.3257698426438349,0.2820758070709475,1.0,0.0,0.0,,1.0,1.0,-3.642919299551295e-17,-5.4643789493269423e-17,-5.4643789493269423e-17,0.06666666666666667,0.0,0.0,0.0,,,{}
final_comparison,QQQ,5.0,Full Sample,,QQQ,False,n/a,n/a,1,1.0,1.0,0.0,buy_and_hold,QQQ,n/a,1.0,1.0,2018-01-02,2026-04-02,2.8940989094927816,0.1792222552238001,-0.35118723599276813,0.2388467282049047,0.8114571267869678,1.0593469416462555,0.510332486080134,0.0,0.0,1.0,1.0000000000000002,,1.0,1.0,-0.3257698426438349,0.2820758070709475,1.0000000000000002,-3.812130507824736e-17,0.0,,1.0,1.0,-3.9565997843477607e-16,-3.0054084221298183e-16,-1.1201976846120232e-15,0.012130401819560273,0.0,0.0,0.0,,,{}
final_comparison,QQQ,5.0,OOS Sample,,QQQ,False,n/a,n/a,1,1.0,1.0,0.0,buy_and_hold,QQQ,n/a,1.0,1.0,2022-01-03,2026-04-02,0.509796264478577,0.10194835932006052,-0.3482798151717964,0.23373063013952572,0.533389506273177,0.7611634213814743,0.2927196893962182,0.0,0.0,1.0,1.0,,1.0,1.0,-0.3257698426438349,0.2820758070709475,1.0,0.0,0.0,,1.0,1.0,-6.592395439831089e-16,-7.103692634125025e-16,-9.56266316132215e-16,0.0,0.0,0.0,0.0,,,{}
final_comparison,QQQ,5.0,2022,,QQQ,False,n/a,n/a,1,1.0,1.0,0.0,buy_and_hold,QQQ,n/a,1.0,1.0,2022-01-03,2022-12-30,-0.3257698426438349,-0.3288914717162824,-0.3482798151717964,0.32086102146109985,-1.071928711855394,-1.7749071078768446,-0.9443311308582432,0.0,0.0,1.0,1.0,,1.0,1.0,-0.3257698426438349,0.2820758070709475,1.0,0.0,0.0,,1.0,1.0,,,,,0.0,0.0,0.0,,,{}
final_comparison,QQQ,5.0,2023+,,QQQ,False,n/a,n/a,1,1.0,1.0,0.0,buy_and_hold,QQQ,n/a,1.0,1.0,2023-01-03,2026-04-02,1.2392891329555642,0.2820758070709475,-0.22768310492842736,0.19848692172228272,1.3552012513395006,1.9271438034821815,1.2388965231285765,0.0,0.0,1.0,1.0,,1.0,1.0,-0.3257698426438349,0.2820758070709475,1.0,0.0,0.0,,1.0,1.0,-3.642919299551295e-17,-5.4643789493269423e-17,-5.4643789493269423e-17,0.06666666666666667,0.0,0.0,0.0,,,{}
